cand_id,district,name,incumbent_status,party,camp_fb,gov_fb,camp_twitter,gov_twitter,website
0001,AL-2,Nathan Mathis,N,Democrat,?,n/a,?,n/a,?
0002,AL-3,Jesse Smith,N,Democrat,JesseSmithforCongress,n/a,jt4congress2016,n/a,http://www.JesseSmithForCongress.com
0003,AL-5,Will Boyd,N,Democrat,?,n/a,wboyd4congress,n/a,http://willboydforcongress.com
0004,AL-6,David Putman,N,Democrat,PutmanForCongress,n/a,putmanforcongr1,n/a,http://DavidJPutmanforCongress.com
0005,AR-1,Mark West ,N,Libertarian,vote4MarkWestUSHouseARD1,n/a,MarkWest4D1,n/a,http://www.markwestforcongress.com
0006,AR-2,Dianne Curry,N,Democrat,curryforcongress,n/a,DianneCurryAR,n/a,http://diannecurry.com
0007,AR-2,Chris Hayes,N,Libertarian,'1696556403889082',n/a,Hayes4Congress,n/a,?
0008,AR-3,Steve Isaacson,N,Libertarian,isaacsonforcongress,n/a,steveIsaacson1,n/a,http://www.isaacsonforcongress.com
0009,AR-4,Kerry Hicks,N,Libertarian,kerryhicksforcongress,n/a,?,n/a,?
0010,CA-1,Jim Reed,N,Democrat,jimreedcongress,n/a,JimReedCongress,n/a,http://jimreed2016.com
0011,CA-2,Dale Mensing,N,Republican,gcdaleforcongress.org,n/a,?,n/a,https://www.theflamingarrow.com/
0012,CA-3,Eugene Cleek,N,Republican,CleekForCongress,n/a,Cleek4Congress,n/a,http://www.CleekForCongress.com
0013,CA-4,Bob Derlet,N,Democrat,derletforcongress,n/a,DerletBob,n/a,http://www.derletforcongress.com/
0014,CA-5,Carlos Santamaria,N,Republican,?,n/a,?,n/a,?
0015,CA-6,Robert Evans,N,Republican,evans4congress,n/a,evansforcongres,n/a,http://evans4congress.com
0016,CA-9,Antonia Amador,N,Republican,TonyAmador4Congress,n/a,?,n/a,http://www.amador4congress.com/
0017,CA-10,Michael Eggman,N,Democrat,eggmanforcongress,n/a,eggman4congress,n/a,http://www.eggmanforcongress.com
0018,CA-11,Roger Allen Petersen,N,Republican,?,n/a,?,n/a,http://www.petersenforcongress.com/
0019,CA-13,Sue Caro,N,Republican,?,n/a,SueCaro1,n/a,?
0020,CA-15,Danny Turner,N,Republican,DannyForTheHouse,n/a,dannyreidturner,n/a,http://www.DannyReidTurner.com
0021,CA-16,Johnny Tacherra,N,Republican,TacherraForCongress,n/a,Vote4Tacherra,n/a,http://www.JohnnyforCongress.com
0022,CA-17,Ro Khanna,N,Democrat,RoKhannaUSA,n/a,RoKhannaUSA,n/a,http://RoKhanna.com
0023,CA-18,Richard Fox,N,Republican,?,n/a,DrFox4Congress,n/a,http://drfoxfor2016.com/
0024,CA-19,G. Burt Lancaster,N,Republican,?,n/a,?,n/a,?
0025,CA-20,Jimmy Panetta,N,Democrat,JimmyPanettaForCongress,n/a,JimmyPanetta,n/a,http://jimmypanettaforcongress.com
0026,CA-20,Casey Lucius,N,Republican,caseyforcongress,n/a,VoteCaseyLucius,n/a,http://www.caseylucius.com
0027,CA-22,Louie Campos,N,Democrat,lc4cd22,n/a,?,n/a,?
0028,CA-23,Wendy Reed,N,Democrat,wendyreedforcongress,n/a,wendyreedtweet,n/a,http://www.wendyreedforcongress.com
0029,CA-24,Salud Carbajal,N,Democrat,CarbajalForCongress,n/a,carbajalsalud,n/a,http://www.saludcarbajal.com
0030,CA-25,Bryan Caforio,N,Democrat,BryanCaforio,n/a,BryanCaforio,n/a,http://bryancaforio.com
0031,CA-26,Rafael Dagnesses,N,Republican,Rafael4Congress,n/a,Rafael4Congress,n/a,http://www.RafaelForCongress.com
0032,CA-27,Jack Orswell,N,Republican,JackOrswell27,n/a,JackOrswell,n/a,http://JackOrswell.com
0033,CA-28,Lenore Solis,N,Democrat,?,n/a,?,n/a,?
0034,CA-30,Mark Reed,N,Republican,MarkReedForCongress2010,n/a,Markreed2014,n/a,http://www.MarkReedForCongress.com
0035,CA-31,Paul Chabot,N,Republican,PaulChabotCalifornia,n/a,DrPaulChabot,n/a,http://www.paulchabot.com
0036,CA-33,Kenneth Wright,N,Republican,drwright4congress,n/a,drwright4congr1,n/a,http://drwright4congress.com/
0037,CA-34,Adrienne Nicole Edwards,N,Democrat,AdrienneEdwardsforCongress,n/a,AdrienneNEdward,n/a,http://www.AdrienneEdwardsforCongress.com
0038,CA-35,Tyler Fischella,N,Democrat,TechCongressman,n/a,TechCongressman,n/a,http://www.tylerfischella.com/
0039,CA-36,Jeff Stone,N,Republican,JeffStoneCampaign,n/a,?,n/a,http://www.votejeffstone.com
0040,CA-38,Ryan Downing,N,Democrat,'1756874901214811',n/a,Rdwning7,n/a,https://sites.google.com/site/electryandowning/
0041,CA-39,Brett Murdock,N,Democrat,'315350678552226',n/a,Brett_Murdock1,n/a,http://brettmurdock.com
0042,CA-40,Roman Gabriel Gonzalez,N,Democrat,Romangonzalezforcongress,n/a,?,n/a,?
0043,CA-42,Tim Sheridan,N,Democrat,'611266749023787',n/a,SheridanCA42,n/a,http://sheridanforcongress.com
0044,CA-43,Omar Navarro,N,Republican,VoteOmarNavarro,n/a,PressGop,n/a,http://www.omarnavarro.com/
0045,CA-44,Isadore Hall,N,Democrat,Isadorehall,n/a,isadorehall,n/a,http://www.isadorehall.com
0046,CA-44,Nanette Barragan,N,Democrat,nanettebarraganforcongress,n/a,Nanette4CA,n/a,http://barraganforcongress.com
0047,CA-45,Ron Varasteh,N,Democrat,RonVarastehForUsCongress,n/a,Ron4US,n/a,http://www.Ron4U.com
0048,CA-46,Lou Correa,N,Democrat,LouCorreaCA,n/a,loucorreaCA,n/a,http://www.loucorrea.com
0049,CA-46,Bao Nguyen,N,Democrat,officialbao,n/a,OfficialBao,n/a,http://www.bao2016.com
0050,CA-47,Andy Whallon,N,Republican,andywhallonforcongress,n/a,AndyWhallon,n/a,http://www.andywhallon.com
0051,CA-48,Suzanna Savary,N,Democrat,savaryforcongress,n/a,SavarySpin,n/a,http://www.drsuesavary.com
0052,CA-49,Douglas Applegate,N,Democrat,ApplegateForCongress,n/a,APPLEGATECA49,n/a,https://dougapplegate.ngpvanhost.com/
0053,CA-50,Patrick Malloy,N,Democrat,patrickmalloyforcongress,n/a,Votemalloy4cong,n/a,http://patrickmalloyforcongress.com
0054,CA-51,Juan Hidalgo Jr.,N,Republican,HidalgoForCongress,n/a,hidalgofor51st,n/a,http://www.HidalgoforCongress.com
0055,CA-52,Denise Gitsham,N,Republican,deniseforcongress,n/a,DeniseforSD,n/a,http://deniseforcongress.com
0056,CO-1,Casper Stockham,N,Republican,CasperforColorado,n/a,Casper4Colorado,n/a,http://casperforcolorado.com
0057,CO-2,Nicholas Morris,N,Republican,?,n/a,?,n/a,?
0058,CO-2,Richard Longstreth,N,Libertarian,ElectLongstreth,n/a,?,n/a,http://www.ElectLongstreth.com/
0059,CO-2,Cliff Willmeng,N,Green,'1126285650725158',n/a,willmengcd2,n/a,http://willmengforcongress.org
0060,CO-3,Gail Schwartz,N,Democrat,gailforcongress,n/a,Gail4Congress,n/a,http://schwartzforcongress.org
0061,CO-4,Bob Seay,N,Democrat,BobSeayForColorado,n/a,BobForColorado,n/a,http://bobseayforcolorado.org
0062,CO-5,Misty Plowright,N,Democrat,MistyForCongress,n/a,Misty4Congress,n/a,http://www.MistyForCongress.com
0063,CO-5,Mike McRedmond,N,Libertarian,?,n/a,?,n/a,?
0064,CO-6,Morgan Carroll,N,Democrat,carrollforcolorado,n/a,MorganLCarroll,n/a,http://www.carrollforcolorado.com
0065,CO-6,Robert Lee Worthey,N,Green,wortheyforcongress,n/a,RLWorthey,n/a,http://www.WortheyForCongress.weebly.com
0066,CO-7,George Athanasopoulos,N,Republican,?,n/a,gjathanas,n/a,http://www.georgeforcolorado.com/
0067,CO-7,Martin Buchanan,N,Libertarian,?,n/a,?,n/a,http://www.buchananforcongress.org/
0068,GA-2,Greg Duke,N,Republican,gregduke2016,n/a,VoteGregDuke,n/a,http://votegregduke.com/
0069,GA-3,Drew Ferguson,N,Republican,drewfergusonforcongress,n/a,DrewFergusonGA,n/a,http://fergusonforgeorgia.com/
0070,GA-3,Angela Pendley,N,Democrat,?,n/a,?,n/a,http://www.apendley4house.com/
0071,GA-4,Victor Armendariz,N,Republican,'310984534063',n/a,Armendariz2016,n/a,http://www.victorforcongress.com
0072,GA-5,Douglas Bell,N,Republican,?,n/a,?,n/a,http://www.bellforuscongress.com/
0073,GA-6,Rodney Stooksbury,N,Democrat,?,n/a,?,n/a,?
0074,GA-7,Rashid Malik,N,Democrat,drmalik4congress,n/a,?,n/a,?
0075,GA-8,James Neal Harris,N,Democrat,jamesharrisforcongress,n/a,?,n/a,http://www.jamesharrisforcongress.com/
0076,GA-11,Don Wilson,N,Democrat,DonWilsonforCongress,n/a,donwilsonga,n/a,http://www.donwilsonforcongress.com
0077,GA-12,Tricia Carpenter McCracken,N,Democrat,?,n/a,?,n/a,?
0078,IA-1,Monica Vernon,N,Democrat,monicavernoniowa,n/a,MonicaVernon,n/a,http://www.monicavernonforcongress.com
0079,IA-2,Christopher Peters,N,Republican,ChristopherPetersforIowa,n/a,DrPeters4Iowa,n/a,http://DrPetersForIowa.com
0080,IA-3,Jim Mowrer,N,Democrat,MowrerforIowa,n/a,jimmowrer,n/a,http://www.jimforiowa.com
0081,IA-4,Kim Weaver,N,Democrat,weaverforcongress,n/a,KimWeaverIA,n/a,http://www.weaverforcongress.com
0082,ID-1,James Piotrowski,N,Democrat,VotePiotrowski,n/a,VotePiotrowski,n/a,http://VotePiotrowski.com
0083,ID-2,Jennifer Martinez,N,Democrat,JenniferMartinezforIdaho,n/a,JennCMartinez,n/a,http://www.JenniferMartinezforIdaho.ruck.us
0084,ID-2,Anthony Tomkins,N,Independent,anthonytomkinsforidaho,n/a,Tomkins4USA,n/a,http://www.anthonytomkins.com
0085,IL-1,August (O'Neill) Deuser,N,Republican,?,n/a,?,n/a,http://deuser.us/
0086,IL-2,John Morrow,N,Republican,CandidateJohnMorrow,n/a,CandidateMorrow,n/a,?
0087,IL-5,Rob Sherman,N,Green,?,n/a,?,n/a,http://www.robsherman.com/
0088,IL-6,Amanda Howland,N,Democrat,howlandforcongress,n/a,AmandaHowland06,n/a,http://www.amandahowlandforcongress.com
0089,IL-8,Raja Krishnamoorthi,N,Democrat,rajaforcongress,n/a,RajaForCongress,n/a,http://rajaforcongress.com/
0090,IL-8,Bill Fraser,N,Independent,voteforfraser,n/a,VoteBillFraser,n/a,http://voteforfraser.com
0091,IL-9,Joan McCarthy Lasonde,N,Republican,JoanforCongress,n/a,JoanforCongress,n/a,http://joanforcongress.com
0092,IL-9,David Earl Williams III,N,Independent,DEWforCongress,n/a,DEWforCongress,n/a,http://dewforcongress.com
0093,IL-10,Brad Schneider,N,Democrat,schneiderforcongress,n/a,Schneider4IL10,n/a,http://schneiderforcongress.com/
0094,IL-11,Tonia Khouri,N,Republican,toniakhouri,n/a,tonia_khouri,n/a,http://toniakhouri.com
0095,IL-12,C.J. Baricevic,N,Democrat,cjforcongress,n/a,CJforCongress16,n/a,http://CJforCongress.com
0096,IL-12,Paula Bradshaw,N,Green,Bradshaw4Congress,n/a,Paula4Congress,n/a,http://www.bradshaw4congress.org
0097,IL-13,Mark Wicklund,N,Democrat,WicklundforCongress,n/a,Wicklund4House,n/a,http://www.wicklundforcongress.org/
0098,IL-13,David Gill,N,Independent,GillforIL13,n/a,?,n/a,http://www.davidgill2016.com/
0099,IL-14,Jim Walz,N,Democrat,jimwalzforcongress,n/a,WalzForCongress,n/a,http://www.jimwalzforcongress.com
0100,IL-17,Patrick Harlan,N,Republican,harlanforcongress2016,n/a,,n/a,http://www.harlanforcongress.com/
0101,IN-1,John Meyer,N,Republican,?,n/a,?,n/a,?
0102,IN-2,Lynn Coleman,N,Democrat,colemanforcongress,n/a,Lynn4Indiana,n/a,http://www.colemanforcongress.com
0103,IN-3,Jim Banks,N,Republican,JimBanksForCongress,n/a,Jim_Banks,n/a,http://www.jimbanks.us
0104,IN-3,Tommy Schrader,N,Democrat,?,n/a,?,n/a,?
0105,IN-4,John Dale,N,Democrat,electjohndale,n/a,electjohndale,n/a,http://johndale4congress.com
0106,IN-5,Angela Demaree,N,Democrat,DemareeForCongress,n/a,AngelaIN05,n/a,http://www.demareeforcongress.com
0107,IN-5,Matthew Wittlief,N,Libertarian,MattWittliefPolitical,n/a,Wittlief4US,n/a,http://www.WittliefForCongress.com
0108,IN-6,Barry Welsh,N,Democrat,WelshForCongress2016,n/a,barrywelsh_usa,n/a,http://welshforcongress.yolasite.com/
0109,IN-7,Catherine Ping,N,Republican,CatPingforCongress,n/a,CatPing,n/a,http://www.catping.com
0110,IN-7,Drew Thompson,N,Libertarian,drewthompson2016,n/a,DrewThompson_16,n/a,http://DrewThompson2016.com
0111,IN-9,Trey Hollingsworth,N,Republican,votetrey,n/a,VoteForTrey,n/a,http://www.votefortrey.com
0112,IN-9,Shelli Yoder,N,Democrat,ShelliYoderForIndiana,n/a,Shelli4Indiana,n/a,http://www.shelliyoderforindiana.com
0113,IN-9,Russell Brooksbank,N,Libertarian,electrussellbrooksbank,n/a,rpbrooksbank,n/a,http://www.electbrooksbank.com
0114,KY-1,James Comer,N,Republican,kycomerforcongress,n/a,KYComer,n/a,http://www.jamescomer.com
0115,KY-1,Sam Gaskins,N,Democrat,samgaskinsforcongress,n/a,samgaskins2016,n/a,http://samgaskinsforcongress.com
0116,KY-3,Harold Bratcher,N,Republican,bratcherforcongress,n/a,?,n/a,http://www.bratcherforcongress.com/
0117,KY-4,Calvin Sidle,N,Democrat,OfficialCalvinSidle,n/a,CalvinSidle,n/a,http://www.facebook.com/OfficialCalvinSidle
0118,KY-6,Nancy Jo Kemper,N,Democrat,nancyjokemper,n/a,NancyJoKemper1,n/a,http://www.kemperforcongress.com
0119,LA-1,Lee Ann Dugas,N,Democrat,?,n/a,leedugas2001,n/a,?
0120,LA-1,Danil Ezekiel Faust,N,Democrat,FaustforCongress,n/a,DanilFaust,n/a,http://www.faustforcongress.com
0121,LA-1,Joe Swider,N,Democrat,'1751640711777869',n/a,GeauxJoeSwider,n/a,http://geauxjoe.com/
0122,LA-1,Howard Kearney,N,Libertarian,?,n/a,HowardKearney,n/a,http://www.kearneyforcongress.com/
0123,LA-1,Eliot Barron,N,Green,barronforcongress,n/a,EliotBarron,n/a,http://www.eliotsbarronforcongress.com
0124,LA-1,Chuemai Yang,N,Independent,?,n/a,?,n/a,?
0125,LA-2,Kip Holden,N,Democrat,kipholden,n/a,MayorKipHolden,n/a,http://www.kipholden.com
0126,LA-2,Kenneth Cutno,N,Democrat,?,n/a,KJCutno,n/a,?
0127,LA-2,Samuel Davenport,N,Libertarian,?,n/a,JeSuisNola,n/a,?
0128,LA-3,Dorian Phibian,N,Democrat,'264428570599375',n/a,Dorian_Phibian,n/a,www.dorianphibianforcongress.com
0129,LA-3,Larry Rader,N,Democrat,'229579810389338',n/a,votelarryrader,n/a,http://larryraderforcongress.com
0130,LA-3,Greg Ellison,N,Republican,gregellisonforcongress,n/a,GregForCongress,n/a,http://gregellisonforcongress.com
0131,LA-3,Gus Rantz,N,Republican,gusrantzla,n/a,gusrantzla,n/a,http://gusrantz.com/
0132,LA-3,Grover Rees,N,Republican,?,n/a,ReesForCongress,n/a,http://www.cajunembassy.com
0133,LA-3,Brett Geymann,N,Republican,geymannforcongress,n/a,BrettGeymann,n/a,https://geymannforcongress.com
0134,LA-3,Scott Angelle,N,Republican,AngelleforLouisiana,n/a,ScottAngelle,n/a,http://www.geauxangelle.com/
0135,LA-3,Clay Higgins,N,Republican,captclayhiggins,n/a,captclayhiggins,n/a,http://www.captainhiggins.com/
0136,LA-3,Bryan Barrileaux,N,Republican,bryanbarrilleauxforcongress,n/a,?,n/a,http://www.bryanbarrilleauxforcongress.weebly.com
0137,LA-3,Herman Vidrine,N,Republican,?,n/a,?,n/a,?
0138,LA-3,Guy McLendon,N,Libertarian,?,n/a,?,n/a,http://mclendon.net/
0139,LA-3,Kenny Scelfo,N,Independent,KennyScelfoForCongress,n/a,?,n/a,http://Kennyscelfo.com
0140,LA-4,Marshall Jones,N,Democrat,'492641017599591',n/a,JoinMarshall,n/a,marshalljonescongress.com
0141,LA-4,Trey Baucum,N,Republican,DrTreyBaucum,n/a,DrTreyBaucum,n/a,http://Baucum4Congress.com
0142,LA-4,Elbert Guillory,N,Republican,ElbertLeeGuillory,n/a,ElbertGuillory,n/a,http://www.elbertguillory.com/donate
0143,LA-4,Oliver Jenkins,N,Republican,electoliver,n/a,electoliver,n/a,http://electoliverjenkins.com/
0144,LA-4,Rick John,N,Republican,'1673718032845662',n/a,?,n/a,http://www.rickjohnforcongress.com/
0145,LA-4,Mike Johnson,N,Republican,repmikejohnson,n/a,repmikejohnson,n/a,http://mikejohnsonforlouisiana.com
0146,LA-4,Mark Halverson,N,Independent,?,n/a,?,n/a,http://mark4congress.com/
0147,LA-4,Kenneth Krefft,N,Independent,?,n/a,?,n/a,?
0148,LA-5,Billy Burkette,N,Republican,BillyBurketter4Congress,n/a,?,n/a,http://billyburkette4congress.nationbuilder.com
0149,LA-6,Richard Lieberman,N,Democrat,GeauxLieberman,n/a,GeauxLieberman,n/a,http://www.GeauxLieberman.com
0150,LA-6,Jermaine Sampson,N,Democrat,?,n/a,?,n/a,?
0151,LA-6,Robert Lamar Bell,N,Republican,?,n/a,?,n/a,?
0152,LA-6,Richard Fontanes,N,Libertarian,?,n/a,?,n/a,?
0153,LA-6,Devin Lance Graham,N,Independent,?,n/a,?,n/a,http://www.devinlancegraham.com/
0154,MD-1,Joe Werner,N,Democrat,'599006243505148',n/a,?,n/a,http://www.wernerformaryland.com
0155,MD-1,Matt Beers,N,Libertarian,?,n/a,?,n/a,http://www.beersforcongress.com/
0156,MD-2,Pat McDonough,N,Republican,patmcdonoughmd2,n/a,patmcdonoughmd2,n/a,http://www.patmcdonoughforcongress.com
0157,MD-2,Kristin Kasprzak,N,Libertarian,?,n/a,?,n/a,?
0158,MD-3,Mark Plaster,N,Republican,markplastermd,n/a,DocPlaster,n/a,http://www.plasterforcongress.com/
0159,MD-3,Nnabu Eze,N,Green,'476682352533832',n/a,?,n/a,?
0160,MD-4,Anthony G. Brown,N,Democrat,AnthonyBrown.Maryland,n/a,BrownforMD,n/a,http://www.anthonybrown.com
0161,MD-4,George McDermott,N,Republican,?,n/a,Congress4MD,n/a,http://GeorgeMcDermott.com
0162,MD-4,Kamesha Clark,N,Green,?,n/a,kamesha_clark,n/a,http://www.kameshaclark.com
0163,MD-5,Mark Arness,N,Republican,ElectMarkArness,n/a,Arness4Congress,n/a,http://arnessforcongress.com
0164,MD-6,Amie Hoeber,N,Republican,amieforcongress,n/a,amieforcongress,n/a,http://amieforcongress.com
0165,MD-7,William T. Newton,N,Republican,NEWTON4CONGRESS,n/a,NEWTONCONGRESS,n/a,http://www.NEWTON4CONGRESS.COM
0166,MD-7,Scott Soffen,N,Libertarian,scottsoffenlibertarian,n/a,?,n/a,http://www.whyvotelibertarian.com/
0167,MD-7,Myles Hoenig,N,Green,hoenig2016,n/a,HoenigGreenCong,n/a,http://hoenig2016.com
0168,MD-7,Andre Odell Kersey,N,Independent,?,n/a,?,n/a,?
0169,MD-8,Jamie Raskin,N,Democrat,raskin.jamie,n/a,jamie_raskin,n/a,http://www.jamieraskin.com
0170,MD-8,Dan Cox,N,Republican,CoxforCongress,n/a,dancox4congress,n/a,http://www.coxforcongress.org
0171,MD-8,Nancy Wallace ,N,Green,nancywallaceforcongress,n/a,NancyBWallace,n/a,http://nancywallace.us
0172,ME-2,Emily Ann Cain,N,Democrat,EmilyCainforCongress,n/a,emilyanncain,n/a,http://emilycain.com/
0173,MS-1,Jacob Owens,N,Democrat,?,n/a,OwensForMS,n/a,?
0174,MS-1,Chase Wilson,N,Libertarian,'1637509479802990',n/a,?,n/a,https://electchase.com/
0175,MS-1,Cathy L. Toole,N,_Reform,?,n/a,?,n/a,?
0176,MS-2,John Bouie II,N,Republican,?,n/a,?,n/a,?
0177,MS-2,Johnny McLeod,N,_Reform,?,n/a,?,n/a,?
0178,MS-2,Troy Ray,N,Independent,?,n/a,RepTroyRay,n/a,http://www.ICanRebuildAmerica.com
0179,MS-3,Dennis Quinn,N,Democrat,?,n/a,?,n/a,?
0180,MS-3,Roger Gerrard,N,Veterans Party of America,RogerGerrard2016,n/a,?,n/a,?
0181,MS-3,Lajena Sheets,N,_Reform,?,n/a,?,n/a,?
0182,MS-3,Mark Gladney,N,Democrat,MarkGladneyforcongress,n/a,GladneyWins2016,n/a,http://markgladneyforcongress.com
0183,MS-3,Richard Blake McCluskey,N,Libertarian,RicforUSCongress,n/a,?,n/a,http://www.ricmccluskey.com/
0184,MS-3,Shawn O'Hara,N,_Reform,?,n/a,?,n/a,?
0185,MT-1,Denise Juneau,N,Democrat,denisejuneau,n/a,denisejuneau,n/a,http://denisejuneau.com
0186,MT-1,Mike Fellows,N,Libertarian,'139016526115347',n/a,?,n/a,www.votefellows.org
0187,NC-1,H. Powell Dew Jr.,N,Republican,'213964608986664',n/a,?,n/a,http://www.vote4dew.com/
0188,NC-1,J.J. Summerell,N,Libertarian,summerell2016,n/a,Summerell2016,n/a,http://jj4nc.org
0190,NC-2,John McNeil,N,Democrat,JohnMcNeilForCongress,n/a,johnpmcneil02,n/a,http://www.johnpmcneil.com
0191,NC-3,Ernest Reeves,N,Democrat,'849074085216095',n/a,ETRNC,n/a,http://www.ernestreeves.com/
0192,NC-4,Sue Googe,N,Republican,suegooge,n/a,voteSueGooge,n/a,http://www.SueGooge.com
0193,NC-5,Josh Brannon,N,Democrat,JoshForUSHouse,n/a,JoshForUSHouse,n/a,http://joshforushouse.com
0194,NC-6,Pete Glidewell,N,Democrat,Pete4NC,n/a,PGlidewell,n/a,http://www.competeglidewell.com
0195,NC-7,J.Wesley Casteen,N,Democrat,casteenforcongress,n/a,casteen2016,n/a,http://www.casteen.org
0196,NC-8,Thomas Mills,N,Democrat,thomasmillsnc,n/a,tmillsNC,n/a,http://www.ThomasMillsNC.com
0197,NC-9,Christian Cano,N,Democrat,'1503944689920319',n/a,Cano4CongressNC,n/a,http://www.ChristianCano.com
0198,NC-10,Andy Millard,N,Democrat,millardforcongress,n/a,millardcfp,n/a,http://www.MillardForCongress.com
0199,NC-11,Rick Bryson,N,Democrat,RickBrysonForCongress,n/a,?,n/a,http://rickbrysonforcongress.com/
0200,NC-12,Leon Threatt,N,Republican,OfficialLeonThreatt,n/a,LeonThreatt,n/a,http://www.LeonThreatt.com
0201,NC-13,Ted Bud,N,Republican,tedbuddforcongress,n/a,buddforcongress,n/a,http://tedbudd.com/
0202,NC-13,Bruce Davis,N,Democrat,BruceforNC,n/a,BDavis4Congress,n/a,http://www.brucefornc.com/
0203,ND-1,Chase Iron Eyes,N,Democrat,IronEyesForCongress,n/a,ChaseIronEyes,n/a,http://IronEyesForCongress.com
0204,ND-1,Jack Seaman,N,Libertarian,jackseamanforcongress,n/a,fargojack,n/a,http://www.jackfornd.com
0205,NE-1,Daniel Wik,N,Democrat,wikforcongress,n/a,DrDanWik,n/a,?
0206,NE-2,Don Bacon,N,Republican,donbacon2016,n/a,DonBacon2016,n/a,http://www.DONBACON2016.com
0207,NE-2,Steven Laird,N,Libertarian,?,n/a,?,n/a,http://www.stevenlaird4congress.com/
0208,NJ-1,Bob Patterson,N,Republican,PattersonForCongress,n/a,RWPatterson,n/a,http://bobpattersonforcongress.com
0209,NJ-2,David Cole,N,Democrat,davecolenj,n/a,DaveColeNJ,n/a,https://coleforcongress.com
0210,NJ-3,Frederick John Lavergne,N,Democrat,FrederickJohnLaVergneForCongress,n/a,FJL2016,n/a,http://www.fjl2016.org
0211,NJ-4,Lorna Phillipson,N,Democrat,LornaPhillipsonforCongress,n/a,lornaphillipson,n/a,http://www.phillipsonforcongress.com/
0212,NJ-5,Josh Gottheimer,N,Democrat,josh4congress,n/a,JoshGottheimer,n/a,http://josh4congress.com
0213,NJ-6,Brent Sonnek-Schmelz,N,Republican,vote4brent,n/a,brentcongressNJ,n/a,http://www.brent4congress.com
0214,NJ-7,Peter Jacob,N,Democrat,peterjacob2016,n/a,PeterJacob2016,n/a,http://www.peterforcongress.com
0215,NJ-8,Agha Khan,N,Republican,?,n/a,?,n/a,http://www.khanforcongress.com/
0216,NJ-9,Hector Castillo,N,Republican,'134350013669000',n/a,?,n/a,?
0217,NJ-10,David Pinckney ,N,Republican,?,n/a,?,n/a,?
0218,NJ-11,Joseph Wenzel,N,Democrat,'227401110946574',n/a,?,n/a,http://www.vote4wenzel.com/
0219,NJ-12,Steven Uccio,N,Republican,LibertyUccio,n/a,steveuccio,n/a,http://StevenUccio.com
0220,NM-1,Richard Priem,N,Republican,?,n/a,Priem4NewMexico,n/a,http://newmexicansforpriem.com/
0221,NM-2,Merrie Soules,N,Democrat,MerrieLee4Congress,n/a,Soules4Congress,n/a,http://soulesuscongress.com
0222,NM-3,Michael H. Romero,N,Republican,MichaelRomeroForCongress,n/a,romerocongress,n/a,http://www.MichaelRomeroForCongress.com
0223,NV-1,Kamau Bakari,N,Ind-American,?,n/a,?,n/a,http://www.kamaubakari.com/
0224,NV-1,Reuben D'Silva,N,Independent,DSilvaForCongress,n/a,DSilva4Congress,n/a,http://www.DSilvaForCongress.com
0225,NV-2,Chip Evans,N,Democrat,Chip4Congress,n/a,chip4congress,n/a,http://www.chipevans4congress.com
0226,NV-2,John Everhart,N,Ind-American,?,n/a,?,n/a,https://everhart4congress.com/
0227,NV-2,Drew Knight,N,Non-party,'212944499086521',n/a,ddrewknight,n/a,http://www.daviddrewknight2016.com/
0228,NV-3,Jacky Rosen,N,Democrat,rosenfornevada,n/a,RosenforNevada,n/a,http://www.rosenfornevada.com
0229,NV-3,Danny Tarkanian,N,Republican,dannytarkanian,n/a,DannyTarkanian,n/a,http://www.tarkforcongress.com
0230,NV-3,David Goossen,N,Non-party,?,n/a,?,n/a,http://www.goossen4congress.com/
0231,NV-3,Warren Markowitz,N,Ind-American,?,n/a,?,n/a,?
0232,NV-4,Ruben Kihuen,N,Democrat,RubenKihuen,n/a,RubenKihuen,n/a,http://www.Facebook.com/RubenKihuen
0233,NV-4,Steve Brown,N,Libertarian,stevebrown4nvcd4,n/a,?,n/a,http://stevebrown4nvcd4.com/
0234,NV-4,Mike Little,N,Ind-American,?,n/a,?,n/a,?
0235,NY-1,Anna Thorne-Holst,N,Democrat,annathroneholst,n/a,annathroneholst,n/a,http://annathrone-holst.com/
0236,NY-1,Kenneth Schaeffer,N,Green,?,n/a,?,n/a,?
0237,NY-2,DuWayne Gregory,N,Democrat,GregoryForCongress,n/a,GregoryForNY2,n/a,http://www.DuWayneGregory.com
0238,NY-3,Jack Martins,N,Republican,martinsforcongress,n/a,martinsny3,n/a,http://martinsforcongress.com
0239,NY-3,Tom Suozzi,N,Democrat,tom.suozzi,n/a,Tom_Suozzi,n/a,http://suozziforcongress.com
0240,NY-4,David Gurfein,N,Republican,gurfeinforamerica,n/a,dgurfein,n/a,https://gurfeinforamerica.com/
0241,NY-5,Michael O'Reilly,N,Republican,OReillyForCongress,n/a,OReilly4NY,n/a,http://Oreillyforcongress.com
0242,NY-5,Frank Francois,N,Green,ElectFrancois,n/a,francois4cd5,n/a,http://www.francoisforcongress.info/
0243,NY-6,Danniel Maio,N,Republican,?,n/a,?,n/a,http://maio.net/
0244,NY-7,Allan Romaguera,N,Republican,?,n/a,?,n/a,?
0245,NY-8,Daniel Cavanagh,N,Conservative,?,n/a,?,n/a,?
0246,NY-9,Alan Bellone,N,Conservative,?,n/a,?,n/a,?
0247,NY-10,Philip Rosenthal,N,Republican,?,n/a,rosenthalforcongress,n/a,http://www.rosenthalforcongress.com/
0248,NY-11,Richard Reichard,N,Democrat,richardreichardforcongress,n/a,ReichardforCong,n/a,http://richardreichard.com
0249,NY-12,Robert Ardini,N,Republican,?,n/a,RobertArdini,n/a,http://www.robertardini.com/
0250,NY-13,Adriano Espaillat,N,Democrat,TWU4Espaillat,n/a,EspaillatNY,n/a,http://www.espaillat2016.com/
0251,NY-13,Tony Evans,N,Republican,votetonyevans2016,n/a,VoteTony2016,n/a,http://www.votetonyevans.com
0252,NY-13,Daniel Vila Rivera,N,Green,'1405029906436089',n/a,?,n/a,http://vilaforcongress.com/
0253,NY-14,Frank Spotorno,N,Republican,?,n/a,FrankSpotorno,n/a,http://www.bringourjobshome.org
0254,NY-15,Alejandro Vega,N,Republican,?,n/a,?,n/a,?
0255,NY-15,Eduardo Ramirez,N,Conservative,?,n/a,?,n/a,?
0256,NY-18,Phil Oliva,N,Republican,PhilOlivaJr,n/a,phil_oliva,n/a,http://www.PhilOliva.com
0257,NY-18,Scott Smith,N,Independent,scottsmith2016,n/a,scottsmith_2016,n/a,http://www.scottsmith2016.com
0258,NY-19,John Faso,N,Republican,johnfasony,n/a,JohnFasoNy,n/a,http://johnfaso.com
0259,NY-19,Zephyr Teachout,N,Democrat,zephyr.ny,n/a,ZephyrTeachout,n/a,http://www.zephyrteachoutforcongress.com/
0260,NY-20,Francis Vitollo,N,Republican,electvitollo,n/a,JoeVitollo,n/a,http://vitolloforcongress.com
0261,NY-21,Mike Derrick,N,Democrat,mikederrickforcongress,n/a,MikeDerrickNY21,n/a,http://www.derrickforcongress.com
0262,NY-21,Matt Funiciello,N,Green,mattforcongress,n/a,wwscuncommon,n/a,http://mattfunicielloforcongress.org
0263,NY-22,Claudia Tenney,N,Republican,ClaudiaForCongress,n/a,ClaudiaForNY22,n/a,http://ClaudiaForCongress.com
0264,NY-22,Kim Myers,N,Democrat,KimMyersForCongress,n/a,KimForCongress,n/a,https://myersforcongress.com/
0265,NY-22,Martin Babinec,N,Upstate Jobs Party,MartinBabinecNY,n/a,MartinBabinecNY,n/a,http://BabinecForCongress.com
0266,NY-23,John Plumb,N,Democrat,JohnPlumbforCongress,n/a,JohnFPlumb,n/a,http://www.johnplumbforcongress.com/
0267,NY-24,Colleen Deacon,N,Democrat,colleendeaconforcongress,n/a,colleendeacon,n/a,http://colleendeacon.com
0268,NY-24,Mimi Satter,N,Green,?,n/a,?,n/a,?
0269,NY-25,Mark Assini,N,Republican,markassiniforcongress,n/a,markassini,n/a,http://www.markassiniforcongress.com
0270,NY-25,Tony D'Orazio,N,Libertarian,Tonyfor25th,n/a,TonyFor25th,n/a,http://www.tonyforny.org/
0271,NY-26,Shelly Schratz,N,Republican,Schratz4NY,n/a,schratzforNY26,n/a,http://www.schratzforcongress.com
0272,NY-27,Diana Kastenbaum,N,Democrat,DianaKastenbaum,n/a,DianaKastenbaum,n/a,http://www.dianakastenbaum.com
0273,OH-1,Michele Young,N,Democrat,MicheleYoungOH1,n/a,MicheleYoungOH1,n/a,http://MicheleYoung.org
0274,OH-2,William Smith,N,Democrat,?,n/a,?,n/a,?
0275,OH-3,John Adams,N,Republican,JohnAdamsforCongress,n/a,?,n/a,http://www.johnadamsforcongress.com/
0276,OH-4,Janet Garret,N,Democrat,Janet4OH,n/a,Janet4OH,n/a,http://janetgarrett.com
0277,OH-5,James Neu Jr.,N,Democrat,'1606839106295231',n/a,?,n/a,?
0278,OH-6,Michael Lorentz,N,Democrat,lorentzforohio,n/a,?,n/a,http://mike-lorentz.ruck.us
0279,OH-7,Roy Rich,N,Democrat,?,n/a,?,n/a,http://www.rich4congress.com/
0280,OH-7,Dan Phillip,N,Independent,danphillipforcongress,n/a,DanpForCongress,n/a,http://danphillipforcongress.com/
0281,OH-8,Warren Davidson,N,Republican,DavidsonForCongress,n/a,Vote_Davidson,n/a,http://www.WarrenDavidson.com
0282,OH-8,Steve Fought,N,Democrat,?,n/a,stevenfought,n/a,http://www.stevefought.com/
0283,OH-8,James Condit Jr.,N,Green,?,n/a,?,n/a,http://letfreedomring247.com/
0284,OH-9,Donald Philip Larson,N,Republican,ohios9th,n/a,ohios9th,n/a,http://friendsofdonaldlarson.com/
0285,OH-10,Robert Klepinger,N,Democrat,RobKlepCongress,n/a,?,n/a,http://www.klepinger2016.com/index.html
0286,OH-10,Thomas McMasters,N,Independent,?,n/a,?,n/a,http://tommcmasters.us/
0287,OH-11,Beverly Goldstein,N,Republican,beverly4congress,n/a,?,n/a,http://beverly4congress.com/
0288,OH-12,Ed Albertson,N,Democrat,?,n/a,?,n/a,http://albertson4congress.com/
0289,OH-12,Joe Manchik,N,Green,JoeManchikForCongress,n/a,Joe_Manchik,n/a,https://manchikforcongress.wordpress.com/
0290,OH-13,Richard Morckel,N,Republican,?,n/a,refusetheline,n/a,http://www.morckel4congress.com/
0291,OH-14,Michael Wager,N,Democrat,michaelwagerforcongress,n/a,MichaelWagerOH,n/a,http://www.michaelwagerforcongress.com
0292,OH-15,Scott Wharton,N,Democrat,wharton4congress,n/a,WhartonOH15,n/a,http://whartonforcongress.com/
0293,OH-15,Dennis Lambert,N,Green,ohio4lambert,n/a,TenaciousDennis,n/a,http://www.ohio4lambert.com
0294,OH-16,Keith Mundy,N,Democrat,MundyforCongress,n/a,votemundy,n/a,http://www.mundy2016.com/
0295,OK-2,Joshua Harris-Till,N,Democrat,HarrisTill4Congress,n/a,Till4Congress,n/a,http://HarrisTill4Congress.com
0296,OK-2,John McCarthy,N,Independent,?,n/a,?,n/a,http://www.mccarthyforcongress2nddistrict.com/
0297,OK-3,Frankie Robbins,N,Democrat,?,n/a,?,n/a,http://www.tkvw.com/robbins/meetfrankie.htm
0298,OK-4,Christina Owen,N,Democrat,SupportersofChristinaOwen,n/a,khrysteenah,n/a,https://christinaowen.nationbuilder.com/
0299,OK-5,? (Runoff Aug. 23),N,Democrat,?,n/a,?,n/a,?
0300,OK-5,Zachary Knight,N,Libertarian,ZacharyKnightForUSDistrict5,n/a,ezknight,n/a,http://election2016.ezknight.net/
0301,OR-1,Brian Heinrich,N,Republican,?,n/a,?,n/a,https://heinrichfororegon.org/
0302,OR-2,Jim Crary,N,Democrat,'532451720261726',n/a,?,n/a,http://www.crary16.com/
0303,OR-3,David Walker,N,Independent,?,n/a,?,n/a,?
0304,OR-4,Art Robinson,N,Republican,artforcongress,n/a,ArtForCongress,n/a,http://www.artrobinsonforcongress.com
0305,OR-5,Colm Willis,N,Republican,colmforcongress,n/a,colmforcongress,n/a,http://colmwillis.com
0306,PA-1,Deborah Williams,N,Republican,?,n/a,?,n/a,?
0307,PA-2,James Jones,N,Republican,'318297712321',n/a,?,n/a,https://jamesjones4congress2016.com/
0308,PA-2,Dwight Evans,N,Democrat,DwightEvansPA,n/a,DwightEvansPA,n/a,http://www.DwightEvans.com
0309,PA-4,Joshua Burkholder,N,Democrat,Burkholder4Congress,n/a,?,n/a,https://burkholderforcongress.com/
0310,PA-5,Kerith Strano Taylor,N,Democrat,KerithStranoTaylorforCongress,n/a,KST4Congress,n/a,http://kstforcongress.com/
0311,PA-5,Julian Subick,N,Democrat,GoJulian,n/a,JulianSubick,n/a,http://julianforcongress.com
0312,PA-6,Mike Parrish,N,Democrat,ParrishForCongress,n/a,MikeParrishPA,n/a,http://ParrishForCongress.com
0313,PA-7,Mary Ellen Balchunis,N,Democrat,maryellenforcongress,n/a,me4congress,n/a,http://maryellenbalchunisforcongress.com
0314,PA-8,Brian Fitzpatrick,N,Republican,BrianFitzpatrickForCongress,n/a,BrianFitzUSA,n/a,http://www.brianfitzpatrick.com/
0315,PA-8,Steve Santarsiero,N,Democrat,stevesantarsiero,n/a,SantarsieroPA8,n/a,http://www.santarsieroforcongress.com
0316,PA-8,Steve Sheetz,N,Libertarian,?,n/a,?,n/a,?
0317,PA-9,Art Halvorson,N,Democrat,arthalvorsonforcongress,n/a,ArtHalvorson,n/a,http://rescueusa.org/
0318,PA-10,Michael Molesevich,N,Democrat,?,n/a,MikeforPA,n/a,http://www.mikeforcongresspa.com/
0319,PA-11,Mike Marsicano,N,Democrat,marsicano2016,n/a,Marsicano2016,n/a,http://marsicano.us/
0320,PA-12,Erin McClelland,N,Democrat,ErinforPA,n/a,ErinforPA,n/a,http://www.ErinforPA.com
0321,PA-13,Armond James,N,Republican,?,n/a,armond4congress,n/a,?
0322,PA-14,Lenny McAllister,N,Republican,LennyforCongress,n/a,Lennymcallister,n/a,http://www.lennymcallister.com
0323,PA-15,Rick Daugherty,N,Democrat,DaughertyforCongress,n/a,Daugherty2016,n/a,http://www.daughertyforcongress.com
0324,PA-16,Lloyd Smucker,N,Republican,SmuckerforCongress,n/a,ElectSmucker,n/a,http://www.ElectSmucker.com
0325,PA-16,Christina Hartman,N,Democrat,HartmanForPA,n/a,HartmanForPA,n/a,http://www.christinamhartman.com
0326,PA-16,Ed Haggerty,N,Independent,?,n/a,?,n/a,http://www.haggerty4thehouse.org/
0327,PA-17,Matt Connolly,N,Republican,CONNOLLY.forcongress,n/a,MattConnolly1,n/a,http://www.mattconnollyforcongress.com/
0328,PA-17,Brian Kelly,N,Write-In,'328368462793',n/a,?,n/a,http://www.briankellyforcongress.com/
0329,SC-1,Dimitri Cherny,N,Democrat,chernyforcongress,n/a,cherny4congress,n/a,http://www.chernyforcongress.us
0330,SC-1,Michael Grier Jr.,N,Libertarian,'1649592401958899',n/a,grier4congress,n/a,http://www.grierforcongress.com/
0331,SC-1,Albert Travison,N,American,?,n/a,?,n/a,http://www.alberttravison.com/
0332,SC-2,Arik Bjorn,N,Democrat,Bjorn2Run,n/a,Bjorn2RunSC,n/a,http://www.bjorn2run.com/
0333,SC-2,Eddie McCain,N,American,McCain2016,n/a,McCain4Liberty,n/a,http://www.eddiemccain2016.com
0334,SC-3,Hosea Cleveland,N,Democrat,?,n/a,?,n/a,?
0335,SC-4,Chris Fedalei,N,Democrat,votefedalei,n/a,VoteFedalei,n/a,http://votefedalei.com
0336,SC-4,Michael Chandler,N,Constitution,?,n/a,?,n/a,?
0337,SC-5,Fran Person,N,Democrat,PersonForCongress,n/a,Person4Congress,n/a,http://personforcongress.com/
0338,SC-5,Larry Gaither,N,American,?,n/a,?,n/a,?
0339,SC-5,Rudy Barnes Jr.,N,American,BarnesforCongress,n/a,?,n/a,http://www.rudybarnesforcongress.com/
0340,SC-6,Laura Sterling,N,Republican,sterlingforcongress,n/a,laurasterling,n/a,http://votelaurasterling.com/meet-laura/
0341,SC-6,Rick Piotrowski,N,Libertarian,?,n/a,?,n/a,?
0342,SC-6,Prince Charles Mallory,N,Green,MalloryForCongress,n/a,?,n/a,?
0343,SC-7,Mal Hyman,N,Democrat,hymanforcongress,n/a,MHyman2016,n/a,http://www.malhyman.com/
0344,SD-1,Paula Hawks,N,Democrat,hawksforushouse,n/a,hawksforhouse,n/a,http://www.hawksforhouse.com
0345,TX-1,Shirley McKellar,N,Democrat,ShirleyJMckellar,n/a,Vote4McKellar,n/a,http://www.votemckellar.com
0346,TX-1,Phil Gray,N,Libertarian,www.PhilGray4Congress,n/a,?,n/a,?
0347,TX-2,Pat Bryan,N,Democrat,PatBryanTX2,n/a,?,n/a,http://PatBryanTX2.com
0348,TX-2,Christopher Hill,N,Libertarian,?,n/a,?,n/a,?
0349,TX-2,Joshua Darr,N,Green,'1513988002233899',n/a,?,n/a,?
0350,TX-3,Adam Bell,N,Democrat,adambell4congress,n/a,voteadambell,n/a,http://www.voteadambell.com
0351,TX-3,Scott Jameson,N,Libertarian,?,n/a,?,n/a,?
0352,TX-3,Paul Blair,N,Green,?,n/a,?,n/a,?
0353,TX-3,Billy Wayne Engle Jr.,N,Write-In,?,n/a,?,n/a,?
0354,TX-4,Cody Wommack,N,Libertarian,?,n/a,?,n/a,?
0355,TX-5,Ken Ashby,N,Libertarian,?,n/a,?,n/a,?
0356,TX-6,Ruby Fay Woolridge,N,Democrat,voteforruby.org,n/a,rfwoolridge,n/a,http://voteforruby.org
0357,TX-6,Darrel Smith Jr.,N,Green,darrelsmithjr,n/a,?,n/a,http://www.darrelsmithjr.com
0358,TX-7,James Cargas,N,Democrat,Cargas7,n/a,Cargas7,n/a,http://www.JamesCargas.com
0359,TX-9,Jeff Martin,N,Republican,?,n/a,?,n/a,?
0360,TX-9,George Reiter,N,Green,?,n/a,?,n/a,?
0361,TX-10,Tawana Cadien,N,Democrat,tawanacadienforcongress,n/a,Cadien4Congress,n/a,http://www.tawanacadienforcongress.com/
0362,TX-10,Bill Kelsey,N,Libertarian,?,n/a,?,n/a,http://kelseyforcongress.com/
0363,TX-11,Nicholas Landholt,N,Libertarian,?,n/a,Landholt2016,n/a,?
0364,TX-12,Bill Bradshaw,N,Democrat,?,n/a,?,n/a,?
0365,TX-12,Ed Colliver,N,Libertarian,EdColliverforCongress,n/a,EdforUSRep,n/a,http://www.edcolliver.com
0366,TX-13,Calvin DeWeese,N,Libertarian,?,n/a,?,n/a,?
0367,TX-13,Rusty Tomlinson,N,Green,'792212577573408',n/a,?,n/a,?
0368,TX-14,Michael Cole,N,Democrat,MichaelColeforCongress,n/a,cole4texas,n/a,http://www.mikecole.us
0369,TX-15,Vicente Gonzalez,N,Democrat,votevicente,n/a,votevicente,n/a,http://www.vicentegonzalez.com/
0370,TX-15,Tim Westley,N,Republican,'466352813568654',n/a,DaPastor,n/a,http://www.westley2016.com
0371,TX-15,Ross Lynn Leone,N,Libertarian,vote.for.leone,n/a,?,n/a,?
0372,TX-15,Vanessa Tijerina,N,Green,votetijerina2016,n/a,tijerina2016,n/a,http://www.votetijerina2016.com
0373,TX-16,Mary Gourdoux,N,Green,Mary4Congress,n/a,gourdoux_mary,n/a,?
0374,TX-16,Jaime Perez,N,Libertarian,?,n/a,?,n/a,?
0375,TX-17,William Matta,N,Democrat,billmattaforcongress,n/a,billmatta,n/a,http://www.billmatta.com/
0376,TX-17,Clark Peterson,N,Libertarian,?,n/a,?,n/a,?
0377,TX-18,Lori Bartley,N,Republican,bartley4congress,n/a,LoriBartleyTX18,n/a,http://www.bartleyforcongress.com
0378,TX-18,Thomas Kleven,N,Green,kleven2016,n/a,?,n/a,?
0379,TX-19,Jodey Arrington,N,Republican,JodeyArrington,n/a,JodeyArrington,n/a,http://www.jodeyarrington.com
0380,TX-19,Troy Bonar,N,Libertarian,VoteTroyBonar,n/a,troybonar,n/a,http://VoteTroyBonar.com
0381,TX-19,Mark Lawson,N,Green,?,n/a,?,n/a,?
0382,TX-20,Paul Pipkin,N,Green,?,n/a,?,n/a,?
0383,TX-20,Jeffrey Blunt,N,Libertarian,'1140215586029627',n/a,?,n/a,?
0384,TX-21,Thomas Wakely,N,Democrat,TomWakely2016,n/a,wakely2016,n/a,http://www.wakely2016.com/
0385,TX-21,Mark Loewe,N,Libertarian,?,n/a,?,n/a,?
0386,TX-21,Antonio Diaz,N,Green,'337285616363753',n/a,?,n/a,?
0387,TX-22,Mark Gibson,N,Democrat,MarkGibsonForCongress,n/a,markgibsontx22,n/a,http://www.markgibsonforcongress.com
0388,TX-23,Pete Gallego,N,Democrat,PeteGallegoforCongress,n/a,petegallego,n/a,http://www.petegallego.com
0389,TX-23,Ruben Corvalan,N,Libertarian,rubenforcongress,n/a,RubenCorvalanTX,n/a,http://www.rubenforcongress.org
0390,TX-24,Jan McDowell,N,Democrat,JanMcDowellDemocrat,n/a,JanForCongress,n/a,http://www.JanMcDowell.com
0391,TX-24,Kevin McCormick,N,Green,KevinMcCormick2016,n/a,KMcCormick2016,n/a,http://www.kevinmccormick2016.com
0392,TX-24,Mike Kolls,N,Libertarian,tellwashington,n/a,?,n/a,http://tellwashington.us
0393,TX-25,Kathi Thomas,N,Democrat,KathiForCongress,n/a,Kathi4Congress,n/a,http://www.kathiforcongress.com/
0394,TX-25,Loren Marc Schneiderman,N,Libertarian,'191308604597637',n/a,?,n/a,http://www.lorenfortexas25th.com
0395,TX-26,Eric Mauck,N,Democrat,mauck2016,n/a,mauck2016,n/a,http://www.mauck2016.com
0396,TX-26,Mark Boler,N,Libertarian,?,n/a,markboler,n/a,http://bolerforcongress.org/
0397,TX-27,Raul Roy Barrera,N,Democrat,raulroybarreraforcongress,n/a,RaulRoyBarrera,n/a,http://www.electraulroybarrera.com/
0398,TX-28,Zeffen Hardin,N,Republican,'985884821467915',n/a,ZeffenTX28,n/a,http://Texansforzeffen.com
0399,TX-28,Michael Cary,N,Green,?,n/a,?,n/a,?
0400,TX-29,Julio Garza,N,Republican,?,n/a,?,n/a,?
0401,TX-29,N. Ruben Perez,N,Libertarian,?,n/a,?,n/a,http://www.voteperez.info/
0402,TX-29,James Partsch-Galvan,N,Green,?,n/a,?,n/a,http://www.mayorgalvan.com/
0403,TX-30,Charles Lingerfelt,N,Republican,'141619276471',n/a,ClingerUSA,n/a,http://CharlesLingerfelt.com
0404,TX-30,Jarret Woods,N,Libertarian,?,n/a,?,n/a,http://www.jarrettwoods.com/
0405,TX-30,Thom Prentice,N,Green,ThomPrentice4CongressGREEN2016,n/a,?,n/a,?
0406,TX-31,Mike Clark,N,Democrat,clarkforcongress,n/a,mcforcongress,n/a,http://www.votemikeclark.com
0407,TX-31,Scott Ballard,N,Libertarian,?,n/a,?,n/a,?
0408,TX-32,Ed Rankin,N,Libertarian,rankinforcongress,n/a,EdwinRankin,n/a,http://edrankinforcongress.com
0409,TX-32,Gary Stuard,N,Green,ElectGaryStuard,n/a,GaryStuard,n/a,http://stuard2016.com
0410,TX-33,M. Mark Mitchell,N,Republican,?,n/a,?,n/a,http://www.mmarkmitchell.com/
0411,TX-33,Roy Carl Stanley,N,Green,letlogicwin,n/a,roycarlstanley,n/a,https://roycarlstanley.wordpress.com/
0412,TX-34,Rey Gonzalez Jr.,N,Republican,reyforcongress,n/a,?,n/a,http://www.reygonzalez.org
0413,TX-35,Susan Narvaiz,N,Republican,SusanNarvaizTX,n/a,susannarvaiz,n/a,www.susanforcongress.com
0414,TX-35,Rhett Rosenquest Smith,N,Libertarian,?,n/a,RhettSmith2012,n/a,?
0415,TX-35,Scott Trimble,N,Green,Trimblefor35,n/a,?,n/a,?
0416,TX-36,Hal Ridley Jr.,N,Green,?,n/a,?,n/a,?
0417,UT-1,Peter Clemens,N,Democrat,drpeterclemensforcongress,n/a,doclemens,n/a,http://www.clemensforcongress.com/
0418,UT-1,Craig Bowden,N,Libertarian,craig.r.bowden,n/a,CraigBowden2020,n/a,http://Craig4Congress.org
0419,UT-1,Chadwick Fairbanks III,N,Independent,?,n/a,Chadwick4Utah,n/a,?
0420,UT-2,Charlene Albarran,N,Democrat,charleneforutah,n/a,CharleneAlbarr,n/a,http://www.charlenealbarran.com
0421,UT-2,Paul McCollaum Jr.,N,Constitution,mccollaumforcongress,n/a,?,n/a,http://www.mccollaumforcongress.us/
0422,UT-3,Stephen Tryon,N,Democrat,StephenPTryonforCongress,n/a,Tryon4Congress,n/a,http://www.tryonforcongress.com
0423,UT-4,Doug Owens,N,Democrat,votedougowens,n/a,VoteDougOwens,n/a,http://votedougowens.com
0424,UT-4,Collin Simonsen,N,Constitution,?,n/a,Collin4Congress,n/a,http://collinsimonsen.weebly.com/
0425,VA-1,Matt Rowe,N,Democrat,MattRoweForCongress,n/a,Rowe4Congress,n/a,http://www.MattRowe.org
0426,VA-2,Scott Taylor,N,Republican,scotttaylorvirginia,n/a,Scotttaylorva,n/a,http://www.scotttaylor.us
0427,VA-2,Shaun Brown,N,Democrat,shaunbrownva,n/a,shaunbrownva,n/a,http://shaunbrownforcongress.org
0428,VA-3,Marty Williams,N,Republican,MartyWilliamsforCongress,n/a,MartyCongressVa,n/a,http://martywilliamscongress.com/
0429,VA-4,Donald McEachin,N,Democrat,'299511650083944',n/a,Donald_McEachin,n/a,https://mceachinforcongress.com/
0430,VA-4,Mike Wade,N,Republican,MikeWadeVA,n/a,MikeWadeVA4,n/a,http://mikewadeforcongress.com/
0431,VA-5,Tom Garrett,N,Republican,TomGarrettForCongress,n/a,GarrettforVA,n/a,http://www.TomGarrettForCongress.com
0432,VA-5,Jane Dittmar,N,Democrat,janeforcongress,n/a,JaneDittmar2016,n/a,http://janeforcongress.com
0433,VA-5,Stephen Harmon,N,Libertarian,?,n/a,?,n/a,http://stephencharmon.com/
0434,VA-5,Yale Landsberg,N,Independent,?,n/a,?,n/a,http://yale4congress.com/
0435,VA-6,Kai Degner,N,Democrat,votekaidegner,n/a,kaidegner,n/a,http://www.KaiForCongress.com
0436,VA-7,Eileen Bedell,N,Democrat,'1099883673395419',n/a,BedellforVA,n/a,http://www.bedellforvirginia.com/
0437,VA-8,Charles Hernick,N,Republican,CharlesHernickForCongress,n/a,charleshernick,n/a,http://www.charleshernick.com/
0438,VA-8,Mike Webb,N,Independent,2016MikeWebbVA8,n/a,2016MikeWebbVA8,n/a,http://www.MyTrueConservative.com
0439,VA-9,Derek Kitts,N,Democrat,DerekKittsForCongress,n/a,derekkitts,n/a,http://www.kittsforcongress.com
0440,VA-10,LuAnn Bennett,N,Democrat,luannforcongress,n/a,LuAnnBennett,n/a,http://www.luannforcongress.com
0441,VA-10,J.D. Thorpe,N,Libertarian,Thorpe4Congress,n/a,?,n/a,https://jdthorpeforcongresscom.wordpress.com/
0442,VA-11,John Wolfe,N,Republican,?,n/a,?,n/a,?
0443,VA-11,Dan Mittereder,N,Libertarian,?,n/a,?,n/a,?
0444,WV-1,Mike Manypenny,N,Democrat,mikemanypenny1,n/a,manypenny2016,n/a,http://mikemanypennyforcongress.com
0445,WV-2,Mark Hunt,N,Democrat,'482298621931254',n/a,MarkHunt2016,n/a,http://www.markhuntforcongress.com
0446,WV-3,Matt Detch,N,Democrat,MattDetch,n/a,Detch2016,n/a,http://www.detch2016.com
0447,KS-1,Roger Marshall,N,Republican,DrRogerMarshall,n/a,RogerMarshallMD,n/a,http://www.kansansformarshall.com
0448,KS-1,Kerry Burt,N,Libertarian,kb4hr,n/a,?,n/a,?
0449,KS-1,Alan LaPolice,N,Independent,alanlapolice,n/a,AlanLaPolice,n/a,http://www.alanlapolice.com
0450,KS-2,Britani Potter,N,Democrat,potterforthepeople,n/a,bpotter4USHouse,n/a,http://www.bpotterforcongress.com/
0451,KS-2,James Houston Bales,N,Libertarian,BalesForCongress,n/a,libertybales,n/a,http://balesforcongress.com
0452,KS-3,Jay Sidie,N,Democrat,jaysidieforcongress,n/a,Jay4Congress,n/a,http://www.jay4congress.com/
0453,KS-3,Steve Hohe,N,Libertarian,stevehoheforcongresskansas,n/a,stevehoheks,n/a,http://www.stevehoheforcongress.com
0454,KS-4,Daniel Giroux,N,Democrat,GirouxForKansas,n/a,Dan4KS,n/a,http://www.danforkansas.com
0455,KS-4,Gordon Bakken,N,Libertarian,?,n/a,?,n/a,?
0456,KS-4,Miranda Allen,N,Independent,allenforkansas,n/a,Allen4Kansas,n/a,http://www.allenforkansas.com
0457,MI-1,Jack Bergman,N,Republican,bergmanforcongress,n/a,JackBergman_MI1,n/a,http://bergmanforcongress.com
0458,MI-1,Lon Johnson,N,Democrat,LonBJohnson,n/a,LonBJohnson,n/a,http://www.lonjohnson.com
0459,MI-1,Diane Bostow,N,Libertarian,electdianebostow,n/a,?,n/a,http://dianebostowforcongress.com/
0460,MI-2,Dennis Murphy,N,Democrat,'436327029899007',n/a,DMurphyCongress,n/a,http://dennismurphyforcongress.com/
0461,MI-2,Erwin Haas,N,Libertarian,?,n/a,?,n/a,http://www.erwinhaaslibertarian.com/
0462,MI-3,Douglas Smith,N,Democrat,smithformichigan,n/a,Doug_4Congress,n/a,http://www.smithformichigan.com
0463,MI-4,Leonard Schwartz,N,Libertarian,?,n/a,?,n/a,http://www.leonardschwartz.us/
0464,MI-5,Allen Hardwick,N,Republican,hardwickforcongress,n/a,RealTruePatriot,n/a,http://allenhardwick.com
0465,MI-5,Steve Sluka,N,Libertarian,?,n/a,?,n/a,?
0466,MI-6,Paul Clements,N,Democrat,ClementsForCongress,n/a,Clem4Congress,n/a,http://clementsforcongress.com/
0467,MI-6,Lorence Wenke,N,Libertarian,?,n/a,?,n/a,?
0468,MI-7,Gretchen Driskell,N,Democrat,votegretchen,n/a,gdriskell,n/a,http://www.votegretchen.com
0469,MI-7,Ken Proctor,N,Libertarian,?,n/a,?,n/a,?
0470,MI-8,Suzanna Shkreli,N,Democrat,SuzannaForMi,n/a,SuzannaForMI,n/a,http://suzannaforcongress.com/
0471,MI-8,Jeff Wood,N,Libertarian,jeffwood4office,n/a,JeffWood4Office,n/a,http://jeffwood4office.com
0472,MI-9,Christopher Morse,N,Republican,CMorse4Congress,n/a,CMorse4Congress,n/a,http://www.votemorse.com
0473,MI-9,Matthew Orlando,N,Libertarian,MattOrlandoforUSHouseofReps,n/a,?,n/a,http://mattorlando.us/
0474,MI-10,Paul Mitchell,N,Republican,PaulMitchellforUS,n/a,PaulMitchell4us,n/a,http://www.PaulMitchellforCongress.com
0475,MI-10,Frank Accavitti Jr.,N,Democrat,accavittiforcongress,n/a,FrankAccavitti,n/a,http://www.frankaccavitti.com
0476,MI-10,Lisa Lane Gioia,N,Libertarian,lisaforliberty,n/a,lisaforliberty,n/a,http://lisaforliberty.org
0477,MI-11,Anil Kumar,N,Democrat,kumarforuscongress,n/a,DrKumarMichigan,n/a,http://kumarforuscongress.com/
0478,MI-11,Jonathan Ray Osment,N,Libertarian,osment2016,n/a,JonathanROsment,n/a,http://osmentforcongress.com
0479,MI-12,Jeff Jones,N,Republican,JeffJones4Congress,n/a,VoteJeff_Jones,n/a,http://www.jeffjones4congress.com
0480,MI-12,Tom Bagwell,N,Libertarian,?,n/a,?,n/a,http://www.bagwell4liberty.com/
0481,MI-13,Jeff Gorman,N,Republican,?,n/a,?,n/a,http://www.jeffgormanforuscongress.com/
0482,MI-13,Tiffany Hayden,N,Libertarian,Hayden2016,n/a,haydentiff,n/a,http://www.tiffanyhayden.co/
0483,MI-14,Howard Klausner,N,Republican,KlausnerCongress,n/a,?,n/a,http://www.klausnerforcongress.com/
0484,MI-14,Gregory Creswell,N,Libertarian,?,n/a,4creswell,n/a,http://gregcreswell.com/
0485,MO-1,Steven Bailey,N,Republican,?,n/a,?,n/a,?
0486,MO-1,Robb Cunningham,N,Libertarian,RobbLibertarian,n/a,RobbLibertarian,n/a,http://www.lpmo.org
0487,MO-2,Bill Otto,N,Democrat,BillOttoForCongress,n/a,BillOtto1,n/a,billotto.org
0488,MO-2,Jim Higgins,N,Libertarian,?,n/a,?,n/a,http://www.jimhiggins4congress.com/
0489,MO-3,Kevin Miller,N,Democrat,?,n/a,?,n/a,http://kevinmillerforcongress.com/
0490,MO-3,Dan Hogan,N,Libertarian,hogan4congress2016,n/a,?,n/a,http://www.hogan4congress2016.org
0491,MO-3,Doanita Simmons,N,Constitution,'583140218521355',n/a,3rdCongress16,n/a,?
0492,MO-4,Gordon Christensen,N,Democrat,ChristensenForCongress,n/a,Christensen4MO,n/a,http://www.ChristensenForCongress.com
0493,MO-4,Mark Bliss,N,Libertarian,?,n/a,?,n/a,http://www.bliss4congress.com/
0494,MO-5,Jacob Turk,N,Republican,JacobTurkforCongress,n/a,JacobTurk,n/a,http://turkforcongress.com/
0495,MO-5,Roy Welborn,N,Libertarian,RoyWelbornForCongress,n/a,Justasien,n/a,?
0496,MO-6,David Blackwell,N,Democrat,blackwell4congress,n/a,?,n/a,?
0497,MO-6,Russ Monchil,N,Libertarian,?,n/a,RussMonchil,n/a,?
0498,MO-7,Genevieve Williams,N,Democrat,genforcongress,n/a,genforcongress,n/a,http://gen4congress.com
0499,MO-7,Benjamin Brixey,N,Libertarian,?,n/a,?,n/a,http://www.benbrixey.com/
0500,MO-8,Dave Cowell,N,Democrat,davecowellforcongress,n/a,davetocongress,n/a,http://www.davecowellforcongress.com
0501,MO-8,Jonathan Lee Shell,N,Libertarian,?,n/a,?,n/a,http://jonshellforcongress.my-free.website/
0502,WA-1,Robert Sutherland,N,Republican,SutherlandUSA,n/a,?,n/a,http://www.sutherlandusa.com
0503,WA-2,Marc Hennemann,N,Republican,Marc4Congress,n/a,?,n/a,http://www.marc4congress.com/
0504,WA-3,Jim Moeller,N,Democrat,ElectJimMoeller,n/a,Jimmoeller,n/a,jimmoeller.com
0505,WA-4,Clint Didier,N,Republican,?,n/a,?,n/a,?
0506,WA-5,Joe Pakootas,N,Democrat,'1487187071533900',n/a,JoePakootas,n/a,http://pakootasforcongress.com
0507,WA-6,Todd A. Bloom,N,Republican,ElectToddBloom,n/a,?,n/a,http://www.electtoddbloom.com
0508,WA-7,Pramila Jayapal,N,Democrat,pramila.jayapal,n/a,PramilaJayapal,n/a,http://pramilaforcongress.com
0509,WA-7,Uncalled,N,Democrat,?,n/a,?,n/a,?
0510,WA-8,Uncalled,N,Democrat,?,n/a,?,n/a,?
0511,WA-9,Doug Basler,N,Republican,electdougbasler,n/a,dougbasler,n/a,http://dougbasler.com
0512,WA-10,Jim Postma,N,Republican,?,n/a,JimPostma,n/a,http://www.postma.com
0513,TN-1,Alan Bohms,N,Democrat,?,n/a,AlanBohms,n/a,http://alan-bohms.ruck.us/
0514,TN-1,Robert Franklin,N,Independent,?,n/a,?,n/a,?
0515,TN-2,Stuart Starr,N,Democrat,?,n/a,?,n/a,http://www.starr4congress.com/
0516,TN-3,Melody Shekari,N,Democrat,melody.shekari,n/a,melodyshekari,n/a,http://melodyshekari.com
0517,TN-3,Topher Kersting,N,Independent,?,n/a,topher_k,n/a,http://topherforcongress.wordpress.com
0518,TN-3,Cassandra Mitchell,N,Independent,unlockingamerica,n/a,robocongress,n/a,?
0519,TN-3,Rick Tyler,N,Independent,?,n/a,USAWhiteAgain,n/a,http://ricktylerforcongress.com
0520,TN-4,Steven Reynolds,N,Democrat,Reynolds4Congress,n/a,Reynolds4Rep,n/a,http://www.reynolds2016.com
0521,TN-5,Stacy Ries Snyder,N,Republican,stacyforcongress,n/a,?,n/a,http://stacyforcongress.com
0522,TN-6,David Kent,N,Democrat,electkent,n/a,?,n/a,http://www.electkent.com
0523,TN-6,David Ross,N,Independent,DavidRoss4Congress,n/a,?,n/a,http://david-ross.ruck.us
0524,TN-7,Tharon Chandler,N,Democrat,?,n/a,?,n/a,?
0525,TN-7,Leonard Ladner,N,Independent,?,n/a,?,n/a,http://www.ladner4congress.com/
0526,TN-8,David Kustoff,N,Republican,KustoffForCongress,n/a,DavidKustoff,n/a,http://KustoffForCongress.com
0527,TN-8,Rickey Hobson,N,Democrat,?,n/a,hobsonrickey,n/a,http://www.hobsonforcongress.net/
0528,TN-8,Sheila Godwin,N,Independent,?,n/a,?,n/a,?
0529,TN-8,James Hart,N,Independent,?,n/a,?,n/a,?
0530,TN-8,Adrian Montague,N,Independent,?,n/a,?,n/a,?
0531,TN-8,Mark Rawles,N,Independent,?,n/a,?,n/a,?
0532,TN-8,Karen Free Spirit Talley-Lane,N,Independent,electkarenfreespirit,n/a,?,n/a,?
0533,TN-9,Wayne Alberson,N,Republican,?,n/a,?,n/a,?
0534,TN-9,Paul Cook,N,Independent,?,n/a,?,n/a,http://paulcook4liberty.com/
0535,IL-8,Pete DiCianni,N ,Republican,PeterDiCianni,n/a,petedicianni,n/a,http://peteforcongress.com
0536,OK-4,Sevier White,N ,Libertarian,?,n/a,?,n/a,?
0537,AL-1,Bradley Byrne,Y,Republican,byrneforalabama,RepByrne,BradleyByrne,RepByrne,www.ByrneForCongress.com
0538,AL-2,Martha Roby,Y,Republican,'119448323032',Representative.Martha.Roby,TeamRoby,RepMarthaRoby,www.MarthaRoby.com
0539,AL-3,Mike Rogers,Y,Republican,'6406874733',CongressmanMikeDRogers,?,RepMikeRogersAL,www.mikerogersforcongress.com
0540,AL-4,Robert Aderholt,Y,Republican,?,RobertAderholt,CongAderholt,Robert_Aderholt,?
0541,AL-5,Mo Brooks,Y,Republican,?,RepMoBrooks,?,RepMoBrooks,http://mobrooksforcongress.com/
0542,AL-6,Gary Palmer,Y,Republican,PalmerforAlabama,CongressmanGaryPalmer,Palmer4Alabama,USRepGaryPalmer,http://palmerforalabama.com
0543,AL-7,Terri Sewell,Y,Democrat,?,RepSewell,Sewell4Congress,RepTerriSewell,http://www.sewellforcongress.com
0544,AR-1,Rick Crawford,Y,Republican,CrawfordforCongress,RepRickCrawford,Crawford4Cong,RepRickCrawford,http://www.meetrickcrawford.com
0545,AR-2,French Hill,Y,Republican,electfrench,RepFrenchHill,ElectFrench,RepFrenchHill,http://electfrench.com
0546,AR-3,Steve Womack,Y,Republican,womackforcongress,RepSteveWomack,womack4congress,rep_stevewomack,http://www.womackforcongress.com
0547,AR-4,Bruce Westerman,Y,Republican,WestermanAR,RepWesterman,WestermanAR,RepWesterman,http://brucewesterman.com
0548,CA-1,Doug LaMalfa,Y,Republican,LaMalfaUSRep,RepLaMalfa,DougLaMalfa,RepLaMalfa,WWW.DougLaMalfa.com
0549,CA-2,Jared Huffman,Y,Democrat,jared.huffman.9,RepHuffman,JaredHuffman,RepHuffman,http://www.jaredhuffman.com/
0550,CA-3,John Garamendi,Y,Democrat,johngaramendi,repgaramendi,JohnGaramendi,RepGaramendi,http://Garamendi.org
0551,CA-4,Tom McClintock,Y,Republican,jointom,'81125319109',tommcclintock,RepMcClintock,www.TomMcClintock.com
0552,CA-5,Mike Thompson,Y,Democrat,mikethompsonforcongress,RepMikeThompson,?,RepThompson,http://www.mikethompsonforcongress.com/
0553,CA-6,Doris Matsui,Y,Democrat,Matsui4Congress,doris.matsui,Matsui4Congress,DorisMatsui,www.matsuiforcongress.com
0554,CA-7,Ami Bera,Y,Democrat,BeraForCongress,RepAmiBera,BeraForCongress,RepBera,www.beraforcongress.com
0555,CA-8,Paul Cook,Y,Republican,electpaulcook,RepPaulCook,joinpaulcook,RepPaulCook,http://www.joinpaulcook.com
0556,CA-9,Jerry McNerney,Y,Democrat,RepJerryMcNerney,jerrymcnerney,jerrymcnerney,RepMcNerney,http://www.jerrymcnerney.org
0557,CA-10,Jeff Denham,Y,Republican,denhamforcongress,RepJeffDenham,JeffDenham,RepJeffDenham,http://www.denhamforcongress.com
0558,CA-11,Mark DeSaulnier,Y,Democrat,'213999292067099',RepMarkDeSaulnier,MarkDeSaulnier,RepDeSaulnier,http://www.MarkDeSaulnier.com
0559,CA-12,Nancy Pelosi,Y,Democrat,pelosiforcongress,NancyPelosi,TeamPelosi,NancyPelosi,http://www.pelosiforcongress.org
0560,CA-13,Barabara Lee,Y,Democrat,BarbaraLeeforCongress,RepBarbaraLee,BLeeForCongress,RepBarbaraLee,www.BarbaraLeeforCongress.org
0561,CA-14,Jackie Speier,Y,Democrat,JackieSpeierforCongress,JackieSpeier,JackieSpeier,RepSpeier,https://www.jackieforcongress.com
0562,CA-15,Eric Swalwell,Y,Democrat,Swalwellforcongress,CongressmanEricSwalwell,ericswalwell,RepSwalwell,www.swalwellforcongress.com
0563,CA-16,Jim Costa,Y,Democrat,CostaForCongress,RepJimCosta,?,RepJimCosta,http://www.jimcosta.com
0564,CA-17,Mike Honda,Y,Democrat,mikehonda,RepMikeHonda,mikehonda17,RepMikeHonda,http://www.mikehonda.com
0565,CA-18,Anna Eshoo,Y,Democrat,Eshoo4Congress,RepAnnaEshoo,Eshoo4Congress,RepAnnaEshoo,http://www.annaeshoo4congress.com
0566,CA-19,Zoe Lofgren,Y,Democrat,'6540213748',zoelofgren,?,RepZoeLofgren,http://www.lofgrenforcongress.com/
0567,CA-21,David Valadao,Y,Republican,ValadaoforCongress,CongressmanDavidValadao,dgvaladao,RepDavidValadao,www.valadaoforcongress.com
0568,CA-22,Devin Nunes,Y,Republican,devinnunesforcongress,?,DevinNunes,Rep_DevinNunes,http://www.DevinNunes.net
0569,CA-23,Kevin McCarthy,Y,Republican,kevinomccarthy,CongressmanKevinMcCarthy,kevinomccarthy,GOPLeader,http://www.mccarthyforcongress.com
0570,CA-25,Stephen Knight,Y,Republican,knight4congress,RepresentativeSteveKnight,Knight4Congress,SteveKnight25,http://steveknight.org/
0571,CA-26,Julia Brownley,Y,Democrat,juliabrownley,RepJuliaBrownley,JuliaBrownley,JuliaBrownley26,http://juliabrownley.com
0572,CA-27,Judy Chu,Y,Democrat,Chu4Congress,RepJudyChu,JudyChuCampaign,RepJudyChu,www.judychu.org
0573,CA-28,Adam Schiff,Y,Democrat,Schiff4Congress,RepAdamSchiff,AdamSchiffCA,RepAdamSchiff,http://www.schiff4congress.com/main/
0574,CA-29,Tony Cardenas,Y,Democrat,cardenassfv,repcardenas,CardenasforCA,RepCardenas,http://www.tonycardenasforcongress.com/
0575,CA-30,Brad Sherman,Y,Democrat,BradShermanForCongress,CongressmanBradSherman,?,BradSherman,www.bradsherman.com
0576,CA-31,Pete Aguilar,Y,Democrat,PeteAguilarforCongress,reppeteaguilar,aguilarpete,RepPeteAguilar,http://www.peteaguilar.com
0577,CA-32,Grace Napolitano,Y,Democrat,GraceNapolitanoforCongress,RepGraceNapolitano,grace4congress,gracenapolitano,http://www.napolitanoforcongress.com
0578,CA-33,Ted Lieu,Y,Democrat,tedlieu,RepTedLieu,tedlieu,RepTedLieu,http://www.tedlieu.com
0579,CA-34,Xavier Becerra,Y,Democrat,BecerraForCongress,XavierBecerra,XavierBecerra,RepBecerra,www.xavierbecerra.com
0580,CA-35,Norma Torres,Y,Democrat,TorresForCongress35,RepNormaTorres,Norma4Congress,NormaJTorres,http://www.NormaTorres.com
0581,CA-36,Raul Ruiz,Y,Democrat,DrRaulRuiz,CongressmanRaulRuizMD,Dr_RaulRuiz,CongressmanRuiz,http://www.drraulruiz.com
0582,CA-37,Karen Bass,Y,Democrat,karenbass,RepKarenBass,KarenBassTweets,RepKarenBass,http://www.karenbass.com
0583,CA-38,Linda Sanchez,Y,Democrat,voteforlinda,CongresswomanLindaSanchez,?,RepLindaSanchez,www.voteforlinda.com
0584,CA-39,Edward Royce,Y,Republican,edrroyce,EdRoyce,EdRRoyce,RepEdRoyce,http://www.edroyce.com
0585,CA-40,Lucille Roybal-Allard,Y,Democrat,?,RepRoybalAllard,?,RepRoybalAllard,http://www.lucilleforcongress.org/
0586,CA-41,Mark Takano,Y,Democrat,TakanoCA,RepMarkTakano,MarkTakano,RepMarkTakano,www.marktakano.com
0587,CA-42,Ken Calvert,Y,Republican,CalvertforCongress,RepKenCalvert,TeamCalvert,KenCalvert,http://www.CalvertforCongress.com
0588,CA-43,Maxine Waters,Y,Democrat,?,MaxineWaters,MaxineWatersLA,MaxineWaters,?
0589,CA-45,Mimi Walters,Y,Republican,MimiWaltersCA,RepMimiWalters,MimiWaltersCA,RepMimiWalters,http://www.mimiwalters.com
0590,CA-47,Alan Lowenthal,Y,Democrat,?,RepLowenthal,alanlowenthal,RepLowenthal,http://www.AlanLowenthal.com
0591,CA-48,Dana Rohrabacher,Y,Republican,danarohrabacher,RepRohrabacher,RepRohrabacher,DanaRohrabacher,http://www.rohrabacher.com
0592,CA-49,Darrell Issa,Y,Republican,darrellissa,CongressmanIssa,TeamIssa,DarrellIssa,http://www.DarrellIssa.com
0593,CA-50,Duncan Hunter,Y,Republican,'6553037747',DuncanHunter,?,Rep_Hunter,http://www.hunterforcongress.com/
0594,CA-51,Juan Vargas,Y,Democrat,?,RepJuanVargas,?,RepJuanVargas,http://www.votevargas.com/
0595,CA-52,Scott Peters,Y,Democrat,scottpeterssandiego,RepScottPeters,ScottPetersCA52,RepScottPeters,www.scottpeters.com
0596,CA-53,Susan Davis,Y,Democrat,?,RepSusanDavis,?,RepSusanDavis,http://www.susandavisforcongress.com/
0597,CO-1,Diana DeGette,Y,Democrat,degette,DianaDeGette,DeGette5280,RepDianaDeGette,http://dianadegette.com/
0598,CO-2,Jared Polis,Y,Democrat,gojaredgo,jaredpolis,Polis4Congress,RepJaredPolis,http://www.polisforcongress.com
0599,CO-3,Scott Tipton,Y,Republican,votetipton,CongressmanScottTipton,ScottRTipton,RepTipton,http://www.votetipton.com
0600,CO-4,Ken Buck,Y,Republican,buckforcolorado,repkenbuck,BuckForColorado,RepKenBuck,http://www.buckforcolorado.com
0601,CO-5,Doug Lamborn,Y,Republican,lambornforcongress,CongressmanDougLamborn,DougLambornCD5,RepDLamborn,http://www.lambornforcongress.com
0602,CO-6,Mike Coffman,Y,Republican,coffmanforcongress,repmikecoffman,coffmanforco,RepMikeCoffman,http://www.coffmanforcongress.com/
0603,CO-7,Ed Perlmutter,Y,Democrat,Ed4Colorado,RepPerlmutter,Ed4Colorado,RepPerlmutter,www.perlmutterforcolorado.com
0604,GA-1,"Earl ""Buddy"" Carter",Y,Republican,BuddyCarterforCongress,CongressmanBuddyCarter,Buddy_Carter,RepBuddyCarter,http://www.BuddyCarterForCongress.com
0605,GA-2,Sanford D. Bishop Jr.,Y,Democrat,?,sanfordbishop,?,SanfordBishop,http://www.sanfordbishop.com/
0606,GA-4,Hank Johnson,Y,Democrat,HankJohnsonJr,RepHankJohnson,ReElectHank,RepHankJohnson,http://www.hankforcongress.com
0607,GA-5,John Lewis,Y,Democrat,JohnLewis,RepJohnLewis,jlewis4congress,repjohnlewis,http://www.johnlewisforcongress.com
0608,GA-6,Tom Price,Y,Republican,tompricemd,reptomprice,TomPriceMD,RepTomPrice,http://www.tomprice.com/
0609,GA-7,Rob Woodall,Y,Republican,woodallforcongress,RepRobWoodall,?,RepRobWoodall,http://robwoodall.com/
0610,GA-8,Austin Scott,Y,Republican,scottforgeorgia,RepAustinScott,ScottForGA,AustinScottGA08,ScottForGA.com
0611,GA-9,Doug Collins,Y,Republican,collinsleads,RepresentativeDougCollins,Douglas_Collins,RepDougCollins,http://collinsleads.com
0612,GA-10,Jody Hice,Y,Republican,?,CongressmanJodyHice,jodyhice,congressmanhice,http://www.jodyhiceforcongress.com
0613,GA-11,Barry Loudermilk,Y,Republican,StandwithBarry,RepLoudermilk,standwithbarry,RepLoudermilk,http://www.standwithbarry.com
0614,GA-12,Rick Allen,Y,Republican,RickAllenGA,CongressmanRickAllen,rickallen,RepRickAllen,www.rickwallen.com
0615,GA-13,David Scott,Y,Democrat,ElectDavidScott,RepDavidScott,Electdavidscott,repdavidscott,http://www.davidscottforcongress.com/
0616,GA-14,Tom Graves,Y,Republican,TomGraves,reptomgraves,TomGravesGA14,RepTomGraves,www.GravesforCongress.org
0617,IA-1,Rod Blum,Y,Republican,blumforcongress,congressmanrodblum,RodBlum,RepRodBlum,http://rodblum.com
0618,IA-2,Dave Loebsack,Y,Democrat,LoebsackforCongress,DaveLoebsack,DaveForIowa,daveloebsack,www.loebsackforcongress.org
0619,IA-3,David Young,Y,Republican,YoungForIowa,RepDavidYoung,DavidYoungIA,RepDavidYoung,http://youngforiowa.com
0620,IA-4,Steve King,Y,Republican,KingforCongress,SteveKingIA,KingforCongress,SteveKingIA,www.steveking.com
0621,ID-1,Raul Labrador,Y,Republican,labradorforidaho,raul.r.labrador,RaulLabrador4ID,Raul_Labrador,RaulLabrador.com
0622,ID-2,Mike Simpson,Y,Republican,'114477275237474','96007744606',MikeSimpson4ID,CongMikeSimpson,http://www.simpsonforcongress.com
0623,IL-1,Bobby Rush,Y,Democrat,rushforcongress,congressmanbobbyrush,BobbyLRushMC,RepBobbyRush,http://www.bobbylrush.com
0624,IL-2,Robin Kelly,Y,Democrat,RobinKellyforCongress,reprobinkelly,Robin42CD,RepRobinKelly,http://www.robinkellyforcongress.com
0625,IL-3,Daniel Lipinski,Y,Democrat,?,repdanlipinski,?,RepLipinski,http://www.lipinskiforcongress.com/
0626,IL-4,Luis Gutierrez,Y,Democrat,?,RepGutierrez,LuisGutierrez,RepGutierrez,http://repgutierrez.tumblr.com/
0627,IL-5,Mike Quigley,Y,Democrat,QuigleyForCongress,repmikequigley,QuigleyCampaign,RepMikeQuigley,http://www.quigleyforcongress.com
0628,IL-6,Peter Roskam,Y,Republican,RoskamForCongress,PeterRoskam,?,PeterRoskam,www.roskamforcongress.com
0629,IL-7,Danny K. Davis,Y,Democrat,?,CongressmanDKDavis,DannyKDavis,RepDannyDavis,?
0630,IL-9,Janice Schakowksky,Y,Democrat,schakowskyforcongress,janschakowsky,RepSchakowsky,janschakowsky,www.janschakowsky.org
0631,IL-10,Robert Dold,Y,Republican,doldforcongress,RepDold,ROBERTDOLD,RepDold,www.doldforcongress.com
0632,IL-11,Bill Foster,Y,Democrat,RepBillFoster,CongressmanBillFoster,Foster4Congress,RepBillFoster,www.billfoster.com
0633,IL-12,Mike Bost,Y,Republican,MikeBostForCongress,RepBost,BostForCongress,RepBost,http://bostforcongress.com/
0634,IL-13,Rodney Davis,Y,Republican,ElectRodney,RepRodneyDavis,ElectRodney,RodneyDavis,electrodney.com
0635,IL-14,Randy Hultgren,Y,Republican,randyhultgren,RepHultgren,RandyHultgren,RepHultgren,www.HultgrenForCongress.com
0636,IL-15,John Shimkus,Y,Republican,VolunteersForShimkus,repshimkus,JohnMShimkus,RepShimkus,http://www.johnshimkus.com
0637,IL-16,Adam Kinzinger,Y,Republican,electadam,RepKinzinger,AdamKinzinger,RepKinzinger,www.ElectAdam.com
0638,IL-17,Cheri Bustos,Y,Democrat,CheriBustosForCongress,RepCheri,CheriBustos,RepCheri,www.cheribustos.com
0639,IL-18,Darin LaHood,Y,Republican,LaHoodDarin,replahood,ElectLaHood,RepLaHood,http://www.LaHoodforCongress.com
0640,IN-1,Peter Visclosky,Y,Democrat,viscloskyforcongress,repvisclosky,TeamVisclosky,RepVisclosky,www.viscloskyforcongress.us
0641,IN-2,Jackie Walorski,Y,Republican,'282272406201',RepJackieWalorski,jackiewalorski,RepWalorski,http://www.standwithjackie.com/
0642,IN-4,Todd Rokita,Y,Republican,ToddRokitaIN,RepToddRokita,rokitacongress,ToddRokita,http://www.ToddRokita.com
0643,IN-5,Susan Brooks,Y,Republican,SusanBrooksIN,CongresswomanSusanWBrooks,SusanBrooksIN,SusanWBrooks,http://SusanforIndiana.com
0644,IN-6,Luke Messer,Y,Republican,LukeMesserIN,RepLukeMesser,LukeMesserIN,RepLukeMesser,http://www.lukemesser.com
0645,IN-7,Andre Carson,Y,Democrat,CarsonforCongress,CongressmanAndreCarson,Andre4Congress,RepAndreCarson,www.andrecarson.com
0646,IN-8,Larry Bucshon,Y,Republican,BucshonForCongress,RepLarryBucshon,DrLarryBucshon,RepLarryBucshon,http://bucshonforcongress.com/
0647,KY-2,Brett Guthrie,Y,Republican,'21836146886',CongressmanGuthrie,brettguthrie,RepGuthrie,http://brettguthrie.com/
0648,KY-3,John Yarmuth,Y,Democrat,YarmuthForCongress,RepJohnYarmuth,?,RepJohnYarmuth,http://www.yarmuthforcongress.com
0649,KY-4,Thomas Massie,Y,Republican,ThomasMassieforCongress,RepThomasMassie,ThomasMassieKY,RepThomasMassie,http://www.thomasmassie.com
0650,KY-5,Hal Rogers,Y,Republican,?,CongressmanHalRogers,?,RepHalRogers,?
0651,KY-6,Andy Barr,Y,Republican,BarrForCongress,RepAndyBarr,barrforcongress,RepAndyBarr,www.andybarrforcongress.com
0652,LA-1,Steve Scalise,Y,Republican,stevescalise,RepSteveScalise,GeauxScalise,SteveScalise,http://stevescalise.com
0653,LA-2,Cedric Richmond,Y,Democrat,VoteCedricRichmond,RepRichmond,CedricRichmond,RepRichmond,www.cedricrichmond.com
0654,LA-5,Ralph Abraham,Y,Republican,ralphabrahamforcongress,CongressmanRalphAbraham,abraham_ralph,RepAbraham,http://www.ralphabraham.com/
0655,LA-6,Garret Graves,Y,Republican,garretngraves,CongressmanGarretGraves,garretgraves,RepGarretGraves,http://garretgravesforcongress.com
0656,MD-2,Dutch Ruppersberger,Y,Democrat,DutchForCongress,DutchRupp,?,Call_Me_Dutch,www.dutchforcongress.com
0657,MD-3,John Sarbanes,Y,Democrat,JSarbanes,RepSarbanes,JohnSarbanes,RepSarbanes,http://www.JohnSarbanes.com
0658,MD-5,Steny Hoyer,Y,Democrat,hoyerforcongress,WhipHoyer,StenyHoyer,WhipHoyer,www.HoyerForCongress.com
0659,MD-6,John Delaney,Y,Democrat,johndelaneyforcongress,congressmanjohndelaney,JDelaneyforMD,RepJohnDelaney,www.delaneyforcongress.com
0660,MD-7,Elijah Cummings,Y,Democrat,elijah.cummings.10,elijahcummings,ReElectCummings,RepCummings,http://www.cummingsforcongress.com
0661,ME-1,Chellie Pingree,Y,Democrat,PingreeForCongress,ChelliePingree,?,chelliepingree,www.chelliepingree.com
0662,ME-2,Bruce Poliquin,Y,Republican,BrucePoliquin,RepPoliquin,BrucePoliquin,RepPoliquin,http://PoliquinForCongress.com
0663,MS-1,Trent Kelly,Y,Republican,TrentKellyforCongress,RepTrentKelly,KellyforMS01,RepTrentKelly,http://www.kellyformississippi.com/
0664,MS-2,Bennie Thompson,Y,Democrat,?,CongressmanBennieGThompson,?,BennieGThompson,?
0665,MS-3,Gregg Harper,Y,Republican,harpercampaign,GreggHarper,HarperCampaign,GreggHarper,www.greggharper.ms
0666,MS-3,Steven Palazzo,Y,Republican,palazzoforcongress,stevenpalazzo,StevenPalazzo,CongPalazzo,www.palazzoforcongress.com
0667,MT-1,Ryan Zinke,Y,Republican,ryanzinke,CongressmanRyanZinke,RyanZinke,RepRyanZinke,http://www.ryanzinke.com
0668,NC-1,G.K. Butterfield,Y,Democrat,?,congressmangkbutterfield,?,GKButterfield,?
0669,NC-2,George Holding,Y,Republican,GeorgeHoldingforCongress,CongressmanGeorgeHolding,GeorgeHolding,RepHolding,http://www.georgeholdingforcongress.com
0670,NC-3,Walter Jones,Y,Republican,WalterJonesCommittee,'15083070102',WalterJones2016,RepWalterJones,www.walterjonescommittee.com
0671,NC-4,David Price,Y,Democrat,'8338225975',RepDavidEPrice,DPrice4Congress,RepDavidEPrice,www.priceforcongress.com
0672,NC-5,Virginia Foxx,Y,Republican,virginiafoxx,RepVirginiaFoxx,foxxforcongress,virginiafoxx,http://www.virginiafoxx.com
0673,NC-6,Mark Walker,Y,Republican,Walker4NC,RepMarkWalker,Walker4NC,RepMarkWalker,http://www.walker4nc.com
0674,NC-7,David Rouzer,Y,Republican,electdavidrouzer,RepRouzer,DavidRouzer,RepDavidRouzer,http://www.davidrouzer.com
0675,NC-8,Richard Hudson,Y,Republican,hudsonforcongress,RepRichHudson,RichHudson,RepRichHudson,http://www.richardhudsonforcongress.com/
0676,NC-9,Robert Pittenger,Y,Republican,PittengerForCongress,congressmanpittenger,RobertPittenger,reppittenger,robertpittenger.com
0677,NC-10,Patrick McHenry,Y,Republican,ReElectMcHenry,ReElectMcHenry,McHenryCampaign,PatrickMcHenry,http://www.mchenryforcongress.com/
0678,NC-11,Mark Meadows,Y,Republican,MeadowsforCongress,Repmarkmeadows,VoteMeadows,RepMarkMeadows,http://www.meadowsforcongress.com/
0679,NC-12,Alma Adams,Y,Democrat,AlmaAdamsforCongress,CongresswomanAdams,AlmaforCongress,RepAdams,http://www.almaadamsforcongress.com
0680,ND-1,Kevin Cramer,Y,Republican,votecramer,CongressmanKevinCramer,kevincramer,RepKevinCramer,www.kevincramer.org
0681,NE-1,Jeff Fortenberry,Y,Republican,?,jefffortenberry,?,JeffFortenberry,http://www.supportfort.com/
0682,NE-2,Brad Ashford,Y,Democrat,AshfordForOmaha,repbradashford,BradAshford16,RepBradAshford,http://www.bradashfordforcongress.com
0683,NE-3,Adrian Smith,Y,Republican,AdrianSmithNE,?,?,RepAdrianSmith,www.joinadrian.com
0684,NJ-1,Donald Norcross,Y,Democrat,DNforC,DonaldNorcrossNJ,DonNorcross4NJ,DonaldNorcross,http://www.donaldnorcrossforcongress.com
0685,NJ-2,Frank LoBiondo,Y,Republican,LoBiondoForCongress,FrankLoBiondo,LoBiondo2016,RepLoBiondo,www.LoBiondoForCongress.com
0686,NJ-3,Tom MacArthur,Y,Republican,tmac4congress,CongressmanTomMacArthur,tmac4congress,RepTomMacArthur,http://tmac4congress.com
0687,NJ-4,Chris Smith,Y,Republican,Smith4NJ,RepChrisSmith,?,RepChrisSmith,http://smithfornj.org/
0688,NJ-5,Scott Garrett,Y,Republican,ScottGarrettNJ05,repscottgarrett,?,RepGarrett,www.garrettforcongress.com
0689,NJ-6,Frank Pallone,Y,Democrat,PalloneForNJ,RepFrankPallone,pallonefornj,FrankPallone,www.pallonefornewjersey.com
0690,NJ-7,Leonard Lance,Y,Republican,LanceforCongress,CongressmanLance,LeonardLanceNJ7,RepLanceNJ7,www.lanceforcongress.com
0691,NJ-8,Albio Sires,Y,Democrat,?,RepAlbioSires,AlbioSiresNJ,RepSires,?
0692,NJ-9,Bill Pascrell,Y,Democrat,PascrellforCongress,pascrell,pascrellfornj,BillPascrell,http://billpascrell.com/
0693,NJ-10,Donald Payne Jr.,Y,Democrat,?,DonaldPayneJr,DonaldPayneJr,RepDonaldPayne,http://paynejrforcongress.ngpvanhost.com/
0694,NJ-11,Rodney Frelinghuysen,Y,Republican,?,rfrelinghuysen,?,USRepRodney,http://www.rodneyforcongress.com/
0695,NJ-12,Bonnie Watson Coleman,Y,Democrat,bwcforcongress,RepBonnieWatsonColeman,Bonnie4Congress,RepBonnie,http://www.bonnieforcongress.com
0696,NM-1,Michelle Lujan Grisham,Y,Democrat,mlujangrisham,RepLujanGrisham,Michelle4NM,RepLujanGrisham,www.michellelujangrisham.com
0697,NM-2,Steve Pearce,Y,Republican,peopleforpearce,RepStevePearce,Pearce4NM,RepStevePearce,www.peopleforpearce.com
0698,NM-3,Ben Ray Lujan,Y,Democrat,BenRLujan,RepBenRayLujan,ChairmanDCCC,repbenraylujan,http://www.BenRLujan.com
0699,NV-1,Dina Titus,Y,Democrat,titusforcongress,CongresswomanTitus,dinatitus,repdinatitus,http://dinatitus.com
0700,NV-2,Mark Amodei,Y,Republican,AmodeiForNevada,MarkAmodeiNV2,AmodeiForNevada,MarkAmodeiNV2,http://www.amodeifornevada.com
0701,NV-4,Cresent Hardy,Y,Republican,cresenthardyforcongress,RepCresentHardy,CresentHardy,RepHardy,http://cresenthardyforcongress.com/
0702,NY-1,Lee Zeldin,Y,Republican,LeeMZeldin,RepLeeZeldin,leezeldin,RepLeeZeldin,http://www.zeldinforcongress.com
0703,NY-2,Peter King,Y,Republican,reppeteking,?,congpeteking,RepPeteKing,http://peteking.com/
0704,NY-4,Kathleen Rice,Y,Democrat,KathleenRiceForCongress,RepKathleenRice,KathleenRice,RepKathleenRice,http://kathleenrice.com
0705,NY-5,Gregory Meeks,Y,Democrat,GregoryMeeksForCongress,gregorymeeksny05,?,GregoryMeeks,?
0706,NY-6,Grace Meng,Y,Democrat,?,repgracemeng,Grace4NY,RepGraceMeng,http://gracefornewyork.com/
0707,NY-7,Nydia Velazquez,Y,Democrat,?,RepNydiaVelazquez,ReElectNydia,NydiaVelazquez,http://www.reelectnydiavelazquez.com
0708,NY-8,Hakeem Jeffries,Y,Democrat,hakeem.jeffries,RepHakeemJeffries,TeamJeffries,RepJeffries,http://hakeemjeffries.com/
0709,NY-9,Yvette Clarke,Y,Democrat,VoteYvette,repyvettedclarke,VoteYvette,YvetteClarke,http://www.voteyvette.com
0710,NY-10,Jerrold Nadler,Y,Democrat,JerryNadler,CongressmanNadler,JerryNadler,RepJerryNadler,www.jerrynadler.com
0711,NY-11,Daniel Donovan,Y,Republican,DanDonovanSI,RepDanDonovan,dandonovan_ny,RepDanDonovan,http://dandonovanforcongress.com/
0712,NY-12,Carolyn Maloney,Y,Democrat,CarolynMaloney,?,CarolynBMaloney,RepMaloney,http://www.carolynmaloney.com
0713,NY-14,Joseph Crowley,Y,Democrat,JoeCrowleyNY,repjoecrowley,JoeCrowleyNY,repjoecrowley,http://www.crowleyforcongress.com
0714,NY-15,Jose E. Serrano,Y,Democrat,?,RepJoseSerrano,serranocongress,RepJoseSerrano,?
0715,NY-16,Eliot Engel,Y,Democrat,?,RepEliotLEngel,?,RepEliotEngel,http://engelforcongress.com/
0716,NY-17,Nita Lowey,Y,Democrat,nitalowey,RepLowey,Lowey4Congress,NitaLowey,http://loweyforcongress.com/
0717,NY-18,Sean Maloney,Y,Democrat,seanpatrickmaloneyforcongress,repseanmaloney,spmaloney,RepSeanMaloney,www.seanmaloney.com
0718,NY-20,Paul Tonko,Y,Democrat,paul.tonko,reppaultonko,Tonko4Congress,RepPaulTonko,http://paultonko.com
0719,NY-21,Elise Stefanik,Y,Republican,EliseforCongress,RepEliseStefanik,EliseStefanik,RepStefanik,http://www.EliseforCongress.com
0720,NY-23,Tom Reed,Y,Republican,VoteTomReed,RepTomReed,TomReedCongress,RepTomReed,http://www.tomreedforcongress.com
0721,NY-24,John Katko,Y,Republican,JohnKatkoForCongress,RepJohnKatko,?,RepJohnKatko,http://www.johnkatkoforcongress.com/
0722,NY-25,Lousie Slaughter,Y,Democrat,LouiseSlaughter,RepLouiseSlaughter,VoteLouiseNY,louiseslaughter,www.VoteLouise.com
0723,NY-26,Brian Higgins,Y,Democrat,higginsforcongress,RepBrianHiggins,Higgins4WNY,RepBrianHiggins,http://www.higginsforcongress.com/
0724,NY-27,Chris Collins,Y,Republican,collinsforcongress,RepChrisCollins,CollinsNY27,RepChrisCollins,www.collinsforcongress.com
0725,OH-1,Steve Chabot,Y,Republican,ChabotForCongress,RepSteveChabot,SteveChabot,RepSteveChabot,www.stevechabot.com
0726,OH-2,Brad Wenstrup,Y,Republican,USABrad,RepBradWenstrup,bradwenstrup,RepBradWenstrup,www.USABrad.com
0727,OH-3,Joyce Beatty,Y,Democrat,JoyceBeattyforCongress,RepJoyceBeatty,JoyceBeatty,RepBeatty,www.beattyforcongress.com
0728,OH-4,Jim Jordan,Y,Republican,JimJordanforCongress,repjimjordan,?,Jim_Jordan,www.jimjordanforcongress.com
0729,OH-5,Bob Latta,Y,Republican,lattaforcongress,boblatta,latta4congress,boblatta,http://www.lattaforcongress.com/
0730,OH-6,Bill Johnson,Y,Republican,BillJohnsonLeads,RepBillJohnson,johnsonleads,RepBillJohnson,http://billjohnsonleads.com/
0731,OH-7,Bob Gibbs,Y,Republican,BobGibbsforCongress,RepBobGibbs,Bob_Gibbs,RepBobGibbs,http://bobgibbsforcongress.com/
0732,OH-9,Marcy Kaptur,Y,Democrat,'6225522279',RepresentativeMarcyKaptur,Marcy_Kaptur,RepMarcyKaptur,www.marcykaptur.com
0733,OH-10,Michael Turner,Y,Republican,MikeTurnerforCongress,RepMikeTurner,MikeTurnerOH,RepMikeTurner,http://www.miketurner.com/
0734,OH-11,Marcia Fudge,Y,Democrat,?,RepMarciaLFudge,mlfudge,RepMarciaFudge,http://www.marcialfudge.com
0735,OH-12,Patrick Tiberi,Y,Republican,TiberiforCongress,RepPatTiberi,TeamTiberi,PatTiberi,www.tiberiforcongress.com
0736,OH-13,Tim Ryan,Y,Democrat,timryanforcongress,timryan,TimRyan,RepTimRyan,www.timryanforcongress.com
0737,OH-14,David Joyce,Y,Republican,DaveJoyceOH,RepDaveJoyce,DaveJoyceOH14,RepDaveJoyce,http://joyceforcongress.com
0738,OH-15,Steve Stivers,Y,Republican,StiversForCongress,RepSteveStivers,stevestivers,RepSteveStivers,http://SteveStivers.com
0739,OH-16,Jim Renacci,Y,Republican,JimRenacci,repjimrenacci,JimRenacciOH16,RepJimRenacci,http://www.RenacciForCongress.com/
0740,OK-1,Jim Bridenstine,Y,Republican,JimBridenstine,CongressmanJimBridenstine,Bridenstine4OK,RepJBridenstine,http://www.JimBridenstine.com
0741,OK-2,Markwayne Mullin,Y,Republican,mullinforcongress,RepMullin,MarkwayneMullin,RepMullin,http://www.mullinforcongress.com
0742,OK-3,Frank Lucas,Y,Republican,FrankDLucasOK,RepFrankLucas,FrankDLucas,RepFrankLucas,www.FrankDLucas.com
0743,OK-4,Tom Cole,Y,Republican,TomColeForCongress,TomColeOK04,ColeForCongress,TomColeOK04,TomColeforCongress.com
0744,OK-5,Steve Russell,Y,Republican,?,reprussell,?,RepRussell,http://www.steverussellforcongress.com/
0745,OR-1,Suzanne Bonamici,Y,Democrat,suzannebonamici,CongresswomanBonamici,SuzanneBonamici,RepBonamici,http://www.bonamiciforcongress.com
0746,OR-2,Greg Walden,Y,Republican,votegregwalden,repgregwalden,votegregwalden,repgregwalden,http://www.gregwalden.com
0747,OR-3,Earl Blumenauer,Y,Democrat,blumenauer,?,BlumenauerMedia,repblumenauer,www.earlblumenauer.com
0748,OR-4,Peter DeFazio,Y,Democrat,PeterDeFazioOregon,RepPeterDeFazio,DeFazio4Oregon,RepPeterDeFazio,defazioforcongress.org
0749,OR-5,Kurt Schrader,Y,Democrat,KurtSchraderOregon,repschrader,VoteSchrader,RepSchrader,http://www.kurtschrader.com
0750,PA-1,Robert Brady,Y,Democrat,?,RepRobertBrady,BradyforPhilly,RepBrady,http://www.bobbrady.us/
0751,PA-3,Mike Kelly,Y,Republican,MikeKellyforCongress,MikeKellyPA,MikeKellyforPA3,MikeKellyPA,MikeKellyforCongress.com
0752,PA-4,Scott Perry,Y,Republican,ScottPerryforCongress,repscottperry,Perry4Congress,RepScottPerry,http://www.patriotsforperry.com/
0753,PA-5,Glenn Thompson,Y,Republican,TeamGT,CongressmanGT,GT_TeamGT,CongressmanGT,http://www.GTThompson.com
0754,PA-6,Ryan Costello,Y,Republican,CostelloForCongress,CongressmanRyanCostello,RyanACostello,RepRyanCostello,http://www.ryancostelloforcongress.com
0755,PA-7,Patrick Meehan,Y,Republican,meehanforcongress,CongressmanPatrickMeehan,PatMeehanPA,RepMeehan,http://www.meehanforcongress.com
0756,PA-9,Bill Shuster,Y,Republican,BillShusterforCongress,Rep.Shuster,ShusterForPA9,RepBillShuster,http://www.billshusterforcongress.com
0757,PA-10,Tom Marino,Y,Republican,TomMarinoForCongress,CongressmanMarino,Marino4Congress,RepTomMarino,TomMarinoForCongress.com
0758,PA-11,Lou Barletta,Y,Republican,loujbarletta,CongressmanLouBarletta,loubarletta,RepLouBarletta,http://www.loubarletta.com
0759,PA-12,Keith Rothfus,Y,Republican,rothfusforcongress,keithrothfus,KRPA12,KeithRothfus,http://www.KeithRothfus.com
0760,PA-13,Brendan Boyle,Y,Democrat,brendan.boyle.7165,CongressmanBoyle,RepBrendanBoyle,CongBoyle,http://www.voteboyle.com
0761,PA-14,Michael F. Doyle,Y,Democrat,'158431724174341',usrepmikedoyle,?,USRepMikeDoyle,http://www.mikedoyleforcongress.com/
0762,PA-15,Charlie Dent,Y,Republican,DentforCongress,congressmandent,DentforCongress,RepCharlieDent,http://www.dentforcongress.com
0763,PA-17,Matt Cartwright,Y,Democrat,cartwrightpa,CongressmanMattCartwright,CartwrightPA,RepCartwright,CartwrightCongress.com
0764,PA-18,Tim Murphy,Y,Republican,murphyforcongress,reptimmurphy,TimMurphyPA,RepTimMurphy,www.electtimmurphy.com
0765,SC-1,Mark Sanford,Y,Republican,marksanford,RepSanfordSC,MarkSanford,RepSanfordSC,www.marksanford.com
0766,SC-2,Joe Wilson,Y,Republican,joewilsonforcongress,JoeWilson,CongJoeWilson,RepJoeWilson,http://joewilsonforcongress.com/
0767,SC-3,Jeff Duncan,Y,Republican,Jeff.Duncan.SC,RepJeffDuncan,Duncan4Congress,RepJeffDuncan,http://www.jeffduncan.com
0768,SC-4,Trey Gowdy,Y,Republican,gowdyforcongress,RepTreyGowdy,gowdy4congress,TGowdySC,http://www.treygowdy.com
0769,SC-5,Mick Mulvaney,Y,Republican,MickMulvaneyforCongress,MulvaneySC5,MickMulvaney,RepMickMulvaney,www.mulvaneyforcongress.com
0770,SC-6,James Clyburn,Y,Democrat,?,jameseclyburn,ClyburnSC06,Clyburn,http://www.clyburnforcongress.com
0771,SC-7,Tom Rice,Y,Republican,TomRiceforCongress,reptomrice,TomRiceSC7,RepTomRice,www.votetomrice.com
0772,SD-1,Kristi Noem,Y,Republican,kristiforcongress,?,KristiNoem,RepKristiNoem,www.kristiforcongress.com
0773,TX-1,Louie Gohmert,Y,Republican,'474168232778390','50375006903',LouieGohmertTX1,replouiegohmert,http://gohmert.com
0774,TX-2,Ted Poe,Y,Republican,?,JudgeTedPoe,?,JudgeTedPoe,http://www.tedpoe.com/
0775,TX-3,Sam Johnson,Y,Republican,VoteSamJohnson,RepSamJohnson,SamJohnsonTX03,SamsPressShop,http://www.samjohnsonforcongress.com
0776,TX-4,John Ratcliffe,Y,Republican,RatcliffeForCongress,RepRatcliffe,RatcliffeTX4,RepRatcliffe,http://www.RatcliffeForCongress.com
0777,TX-5,Jeb Hensarling,Y,Republican,jeb.hensarling.3,RepHensarling,?,RepHensarling,http://jebhensarling.com
0778,TX-6,Joe Barton,Y,Republican,BartonForCongress,RepJoeBarton,Barton4Congress,RepJoeBarton,http://joebarton.com
0779,TX-7,John Culberson,Y,Republican,johnculberson,?,johnculberson,CongCulberson,http://www.culbersonforcongress.com/
0780,TX-8,Kevin Brady,Y,Republican,BradyforTexas,kevinbrady,bradyfortexas,RepKevinBrady,http://www.bradyforcongress.com
0781,TX-9,Al Green,Y,Democrat,'224027854297805',repalgreen,RepAlGreenTX,RepAlGreen,http://www.algreen.org/
0782,TX-10,Michael McCaul,Y,Republican,MichaelMcCaulTX,michaeltmccaul,McCaulforTexas,RepMcCaul,http://www.michaelmccaul.com/
0783,TX-11,Mike Conaway,Y,Republican,?,mike.conaway,?,ConawayTX11,http://www.mikeconaway.com/
0784,TX-12,Kay Granger,Y,Republican,?,RepKayGranger,?,RepKayGranger,http://www.kaygranger.com/
0785,TX-13,Mac Thornberry,Y,Republican,ThornberryForCongress,repmacthornberry,MacThornberry,MacTXPress,http://macthornberry.com/
0786,TX-14,Randy Weber,Y,Republican,WeberForTexas,TXRandy14,WeberforTexas,TXRandy14,http://www.Randyweber.org
0787,TX-16,Beto O'Rourke,Y,Democrat,betoforcongress,BetoORourkeTX16,BetoORourke,RepBetoORourke,https://www.betoforcongress.com
0788,TX-17,Bill Flores,Y,Republican,BillFloresForCongress,RepBillFlores,Flores4Congress,RepBillFlores,http://www.BillFloresForCongress.com
0789,TX-18,Sheila Jackson Lee,Y,Democrat,?,CongresswomanSheilaJacksonLee,sjl4hrc,JacksonLeeTX18,http://www.sheilajacksonlee18.com/
0790,TX-20,Joaquin Castro,Y,Democrat,JoaquinCastroforCongress,JoaquinCastroTX,Castro4Congress,JoaquinCastrotx,http://www.CastroForCongress.com
0791,TX-21,Lamar Smith,Y,Republican,TexansforLamar,LamarSmithTX21,TexansforLamar,LamarSmithTX21,http://www.texansforlamarsmith.com/
0792,TX-22,Pete Olson,Y,Republican,PeteOlsonTX,Rep.PeteOlson,PeteOlson,RepPeteOlson,www.olsonforcongress.com
0793,TX-23,Will Hurd,Y,Republican,HurdForCongress,HurdOnTheHill,WillHurd,HurdOnTheHill,http://HurdForCongress.com
0794,TX-24,Kenny Marchant,Y,Republican,kennyforcongress,RepKennyMarchant,MarchantforTX24,RepKenMarchant,http://www.KennyMarchant.com
0795,TX-25,Roger Williams,Y,Republican,rogerwilliamstx,RepRogerWilliams,RogerWilliamsTX,RepRWilliams,http://www.rogerforcongress.com/
0796,TX-26,Michael Burgess,Y,Republican,?,michaelcburgess,?,michaelcburgess,http://burgessforcongress.org/
0797,TX-27,Blake Farenthold,Y,Republican,ElectBlakeF,BlakeFarenthold,Elect_Blake,farenthold,http://www.blake.com
0798,TX-28,Henry Cuellar,Y,Democrat,'248922701788783',repcuellar,?,RepCuellar,http://www.henrycuellar.com/
0799,TX-29,Gene Green,Y,Democrat,GeneGreen29,RepGeneGreen,GeneGreen29,RepGeneGreen,http://genegreencampaign.com/index.html
0800,TX-30,Eddie Bernice Johnson,Y,Democrat,?,CongresswomanEBJtx30,?,RepEBJ,http://ebjcampaign.com/
0801,TX-31,John Carter,Y,Republican,JudgeJohnCarter,judgecarter,JudgeJohnCarter,JudgeCarter,www.johncarterforcongress.com
0802,TX-32,Pete Sessions,Y,Republican,sessionsforcongress,petesessions,SessionsforTX32,PeteSessions,www.petesessions.com
0803,TX-33,Marc Veasey,Y,Democrat,MarcVeasey,CongressmanMarcVeasey,MarcVeasey,RepVeasey,http://www.marcveasey.com/
0804,TX-34,Filemon Vela,Y,Democrat,?,UsCongressmanFilemonVela,FilemonVela,RepFilemonVela,?
0805,TX-35,Lloyd Doggett,Y,Democrat,LloydDoggettTX,lloyddoggett,LloydDoggettTX,RepLloydDoggett,http://www.votedoggett.com
0806,TX-36,Brian Babin,Y,Republican,BabinForCongress,RepBrianBabin,Brian_Babin,RepBrianBabin,http://babinforcongress.com
0807,UT-1,Rob Bishop,Y,Republican,RobBishopUT,RepRobBishop,RobBishopUT,RepRobBishop,http://votebishop.com
0808,UT-2,Chris Stewart,Y,Republican,StewartForUtah,RepChrisStewart,StewartforUtah,RepChrisStewart,http://www.stewartforutah.com
0809,UT-3,Jason Chaffetz,Y,Republican,'212373730233',CongressmanJasonChaffetz,?,jasoninthehouse,www.jasonforcongress.com
0810,UT-4,Mia Love,Y,Republican,miablove,repmialove,MiaBLove,RepMiaLove,http://www.love4utah.com
0811,VA-1,Rob Wittman,Y,Republican,RobertJWittman,RepRobWittman,ReElectWittman,RobWittman,http://www.robwittman.com
0812,VA-3,Bobby Scott,Y,Democrat,bobbyscottforcongress,RepBobbyScott,BobbyScott4VA3,repbobbyscott,http://www.bobbyscottforcongress.com
0813,VA-6,Bob Goodlatte,Y,Republican,goodlatte,BobGoodlatte,BobGoodlatte6,RepGoodlatte,http://bobgoodlatte.com/
0814,VA-7,David Brat,Y,Republican,davebratforcongress,RepDaveBrat,DaveBratVA7th,RepDaveBrat,http://www.davebrat.com
0815,VA-8,Don Beyer,Y,Democrat,FriendsofDonBeyer,RepDonBeyer,DonBeyerVA,RepDonBeyer,http://FriendsofDonBeyer.com
0816,VA-9,Morgan Griffith,Y,Republican,morgangriffithforcongress,RepMorganGriffith,MorganGriffith,RepMGriffith,www.morgangriffithforcongress.com
0817,VA-10,Barbara Comstock,Y,Republican,BarbaraComstockVA,RepBarbaraComstock,BarbaraComstock,RepComstock,http://www.BarbaraComstockforCongress.com
0818,VA-11,Gerald Connolly,Y,Democrat,?,congressmanconnolly,ElectConnolly,GerryConnolly,http://www.gerryconnolly.com
0819,WV-1,David McKinley,Y,Republican,McKinleyForWV,RepMcKinley,mckinley4cong,RepMcKinley,http://www.mckinley2016.com/
0820,WV-2,Alexander Mooney,Y,Republican,MooneyforWV,CongressmanAlexMooney,MooneyforWV,RepAlexMooney,www.mooneyforcongress.com
0821,WV-3,Evan Jenkins,Y,Republican,evanjenkinswv,RepEvanJenkins,EvanJenkinsWV,RepEvanJenkins,http://www.evanjenkins.com
0822,KS-2,Lynn Jenkins,Y,Republican,votelynn,replynnjenkins,lynnjenkins,RepLynnJenkins,http://www.lynnjenkins.com
0823,KS-3,Kevin Yoder,Y,Republican,yoderforcongress,CongressmanKevinYoder,KevinYoder,RepKevinYoder,http://www.YoderforCongress.com
0824,KS-4,Mike Pompeo,Y,Republican,pompeoforkansas,CongressmanPompeo,mikepompeo,RepMikePompeo,http://www.VoteMikePompeo.com
0825,MI-2,Bill Huizenga,Y,Republican,BillHuizenga,rephuizenga,billhuizenga,RepHuizenga,http://huizengaforcongress.com
0826,MI-3,Justin Amash,Y,Republican,?,justinamash,teamamash,justinamash,http://justinamash.com/
0827,MI-4,John Moolenaar,Y,Republican,JohnMoolenaarforCongress,RepMoolenaar,JohnMoolenaar,RepMoolenaar,http://Www.johnmoolenaarforcongress.com
0828,MI-5,Dan Kildee,Y,Democrat,Kildee,RepDanKildee,dankildee,RepDanKildee,www.dankildee.com
0829,MI-6,Fred Upton,Y,Republican,uptonforallofus,RepFredUpton,UptonForAllOfUs,RepFredUpton,www.fredupton.com
0830,MI-7,Tim Walberg,Y,Republican,WalbergforCongress,RepWalberg,TimWalberg,RepWalberg,www.walbergforcongress.com
0831,MI-8,Mike Bishop,Y,Republican,ElectMikeBishop,RepMikeBishop,ElectMikeBishop,RepMikeBishop,http://electmikebishop.com
0832,MI-9,Sander Levin,Y,Democrat,SanderLevin,RepSandyLevin,Levin4Congress,repsandylevin,http://www.levinforcongress.com
0833,MI-11,David Trott,Y,Republican,TrottForCongress,CongressmanDaveTrott,Trott4Congress,repdavetrott,http://www.trottforcongress.com
0834,MI-12,Debbie Dingell,Y,Democrat,debbie.dingell,RepDebbieDingell,DebDingell,RepDebDingell,http://debbiedingellforcongress.com/
0835,MI-13,John Conyers Jr.,Y,Democrat,ConyersforCongress,CongressmanConyers,johnconyersjr,RepJohnConyers,http://www.johnconyers.com
0836,MI-14,Brenda Lawrence,Y,Democrat,brendalawrenceforcongress,'395759603917487',BrendaLLawrence,RepLawrence,http://www.brendalawrence.com
0837,MO-1,William Lacy Clay,Y,Democrat,?,'109135405838588',LacyClayMO1,?,http://www.lacyclay.org
0838,MO-2,Ann Wagner,Y,Republican,Ann4Congress,RepAnnWagner,AnnLWagner,RepAnnWagner,www.AnnWagner.com
0839,MO-3,Blaine Luetkemeyer,Y,Republican,?,BlaineLuetkemeyer,LuetkemeyerB,RepBlainePress,http://www.BlaineforCongress.com
0840,MO-4,Vicky Hartzler,Y,Republican,vickyforcongress,Congresswoman.Hartzler,VickyH4Congress,RepHartzler,www.vickyhartzler.com
0841,MO-5,Emanuel Cleaver,Y,Democrat,CleaverForCongress,emanuelcleaverii,Vote4Cleaver,repcleaver,http://www.cleaverforcongress.com/
0842,MO-6,Sam Graves,Y,Republican,gravesforcongress,RepSamGraves,?,RepSamGraves,http://www.gravesforcongress.com/
0843,MO-7,Billy Long,Y,Republican,BillyLongforCongress,Rep.Billy.Long,auctnr1,USRepLong,www.billylongforcongress.com
0844,MO-8,Jason Smith,Y,Republican,JasonSmithForMissouri,repjasonsmith,JasonSmithMO,RepJasonSmith,http://www.electjasonsmith.com
0845,WA-1,Suzan DelBene,Y,Democrat,SuzanDelBene,RepDelBene,RepDelBene,SuzanDelBene,http://delbeneforcongress.com
0846,WA-2,Rick Larsen,Y,Democrat,'20809300888',RepRickLarsen,larsenrick,RepRickLarsen,www.ricklarsen.org
0847,WA-3,Jaime Herrera Beutler,Y,Republican,VoteJaime,herrerabeutler,JaimeLHerrera,HerreraBeutler,http://www.votejaime.com/
0848,WA-4,Dan Newhouse,Y,Republican,dan.newhouse.WA,RepNewhouse,DanNewhouse1,RepNewhouse,http://www.dannewhouse.com
0849,WA-5,Cathy McMorris Rodgers,Y,Republican,cathyforcongress,mcmorrisrodgers,TeamCMR,cathymcmorris,http://www.cathyforcongress.com/
0850,WA-6,Derek Kilmer,Y,Democrat,Elect.Derek.Kilmer,derek.kilmer,DerekKilmer,RepDerekKilmer,www.derekkilmer.com
0851,WA-8,Dave Reichert,Y,Republican,FriendsOfDaveReichert,repdavereichert,TeamReichert,davereichert,http://www.davereichert.com
0852,WA-9,Adam Smith,Y,Democrat,adamsmithforcongress,RepAdamSmith,electadamsmith,RepAdamSmith,http://www.electadamsmith.com
0853,WA-10,Denny Heck,Y,Democrat,DennyHeckforCongress,CongressmanDennyHeck,DennyHeck,RepDennyHeck,http://www.dennyheckforcongress.com/
0854,TN-1,Phil Roe,Y,Republican,PhilRoeForCongress,DrPhilRoe,?,DrPhilRoe,roe4congress.com
0855,TN-2,John Duncan Jr.,Y,Republican,?,CongressmanDuncan,?,RepJohnDuncanJr,?
0856,TN-3,Charles Fleischmann,Y,Republican,ChuckFleischmann,repchuck,chuck4congress,RepChuck,www.chuckforcongress.com
0857,TN-4,Scott DesJarlais,Y,Republican,drscottdesjarlais,ScottDesJarlaisTN04,tndesjarlais,DesJarlaisTN04,http://www.scottdesjarlais.com
0858,TN-5,Jim Cooper,Y,Democrat,CoopforCongress,JimCooper,CoopForCongress,repjimcooper,http://cooperforcongress.com
0859,TN-6,Diane Black,Y,Republican,VoteDianeBlack,DianeBlackTN06,votedianeblack,RepDianeBlack,www.votedianeblack.com
0860,TN-7,Marsha Blackburn,Y,Republican,marshablackburnforcongress,marshablackburn,MarshaBlackburn,VoteMarsha,http://blackburn.house.gov
0861,TN-9,Steve Cohen,Y,Democrat,stevecohenforcongress,CongressmanSteveCohen,ReElectCohen,RepCohen,http://www.cohenforcongress.com
0862,MD-1,Andy Harris,Y ,Republican,harrisforcongress,AndyHarrisMD,Harris4Congress,RepAndyHarrisMD,www.andyharris.com
0863,CT-1,John Larson,Y,Democrat,JohnLarsonCT,RepJohnLarson,JohnLarsonCT,RepJohnLarson,http://www.larsonforcongress.org/
0864,CT-1,Matthew Corey,N,Republican,CoreyforCT,n/a,MCorey4Congress,n/a,http://coreyforcongress.org
0865,CT-2,Joe Courtney,Y,Democrat,CourtneyforCongress,joecourtney,JoeCourtneyCT,RepJoeCourtney,http://www.joecourtney.com
0866,CT-2,Daria Novak,N,Republican,'1694238934192116',n/a,DariaNovak,n/a,http://novakforcongress.com
0867,CT-3,Rosa DeLauro,Y,Democrat,RosaDelauro,CongresswomanRosaDeLauro,Rosa_DeLauro,rosadelauro,www.rosadelauro.com
0868,CT-3,Angel Cadena,N,Republican,AngelCadenaforcongress,n/a,hiro4you2,n/a,http://www.angelforcongress.com/
0869,CT-4,Jim Himes,Y,Democrat,himesforcongress,CongressmanJimHimes,jahimes,,www.himesforcongress.com
0870,CT-4,John Shaban,N,Republican,'383456148450129',n/a,shaban4congress,n/a,http://www.shabanforcongress.com/
0871,CT-5,Elizabeth Esty,Y,Democrat,EstyforCongress,RepEsty,Elizabeth_Esty,RepEsty,www.ElizabethEsty.com
0872,CT-5,Clay Cope,N,Republican,copeforcongress,n/a,claycopect,n/a,http://www.claycope.com
0873,MN-1,Tim Walz,Y,Democrat,TimWalz4Congress,?,Tim_Walz,RepTimWalz,www.timwalz.org
0874,MN-1,Jim Hagedorn,N,Republican,hagedornforcongress,n/a,JimHagedornMN,n/a,http://www.jimhagedorn.org
0875,MN-2,Angie Craig,N,Democrat,AngieCraigforCongress,n/a,AngieCraigMN,n/a,http://AngieCraig.com
0876,MN-2,Jason Lewis,N,Republican,JasonLewis2016,n/a,Jason2CD,n/a,http://www.jasonlewis2016.com
0877,MN-3,Erik Paulsen,Y,Republican,PaulsenforCongress,CongressmanErikPaulsen,Erik_Paulsen,RepErikPaulsen,http://www.paulsenforcongress.com
0878,MN-3,Terri Bonoff,N,Democrat,tbonoff,n/a,Terri_Bonoff,n/a,http://www.terribonoff.com
0879,MN-4,Betty McCollum,Y,Democrat,betty.mccollum1,repbettymccollum,?,BettyMcCollum04,www.mccollumforcongress.com
0880,MN-4,Greg Ryan,N,Republican,GregRyan4US,n/a,GregTRyan4US,n/a,http://www.Ryan4US.com
0881,MN-5,Keith Ellison,Y,Democrat,KeithEllisonForCongress,Keith.Ellison,EllisonCampaign,keithellison,http://www.keithellison.org/
0882,MN-5,Frank Nelson Drake,N,Republican,?,n/a,FrankDrakeMN5th,n/a,?
0883,MN-5,Dennis Schuller,N,Independent,?,n/a,?,n/a,?
0884,MN-6,Tom Emmer,Y,Republican,TomEmmerGOP,reptomemmer,tomemmer,RepTomEmmer,http://emmerforcongress.com
0885,MN-6,David Snyder,N,Democrat,DavidSnyderforCongress,n/a,?,n/a,https://davidsnyderforcongress2016.com/
0886,MN-7,Collin Peterson,Y,Democrat,'6595227967',?,collinpeterson,,www.petersonforcongress.com
0887,MN-7,Dave Hughes,N,Republican,davehughesforcongress,n/a,DHughesCongress,n/a,http://www.hughesforcongress.us
0888,MN-8,Rick Nolan,Y,Democrat,RickNolanForCongress,UsRepRickNolan,RickNolanMN,USRepRickNolan,http://nolanforcongress.org
0889,MN-8,Stewart Mills,N,Republican,StewartMillsMN,n/a,StewartMillsMN,n/a,http://stewartmills.com/
0890,VT-1,Peter Welch,Y,Democrat,welchforcongress,PeterWelch,WelchForVT,PeterWelch,www.welchforcongress.com
0891,WI-1,Paul Ryan,Y,Republican,paulryanwi,speakerryan,PRyan,SpeakerRyan,?
0892,WI-1,Ryan Solen,N,Democrat,solenforcongress,n/a,RSolenCongress,n/a,http://www.solenforcongress.com
0893,WI-1,Jason Lebeck,N,Libertarian,JasonLebeck2016,n/a,JasonLebeck2016,n/a,https://jasonlebeck2016.wordpress.com/
0894,WI-1,Spencer Zimmerman,N,Independent,vote4zimmerman,n/a,Vote4Zimmerman,n/a,https://vote4zimmerman.wordpress.com
0895,WI-2,Mark Pocan,Y,Democrat,MarkPocan,repmarkpocan,MarkPocan,repmarkpocan,?
0896,WI-2,Peter Theron,N,Republican,?,n/a,petertheron,n/a,?
0897,WI-3,Ron Kind,Y,Democrat,RonKindWI,repronkind,KindforCongress,RepRonKind,http://ronkind.org/
0898,WI-4,Gwen Moore,Y,Democrat,GwenMooreforCongress,GwenSMoore,Gwen4Congress,RepGwenMoore,http://www.gwenmooreforcongress.com
0899,WI-4,Andy Craig,N,Libertarian,AndyCraig2016,n/a,AndrewRCraig,n/a,http://www.AndyCraig2016.com
0900,WI-4,Robert Raymond,N,Independent,RobertRaymondCampaignForCongress,n/a,?,n/a,?
0901,WI-5,Jim Sensenbrenner,Y,Republican,SensenbrennerforCongress,RepSensenbrenner,?,JimPressOffice,http://www.sensenbrenner.org/
0902,WI-5,Khary Penebaker,N,Democrat,KharyForCongress,n/a,Khary4Congress,n/a,http://kharyforcongress.com
0903,WI-5,John Arndt,N,Libertarian,?,n/a,?,n/a,?
0904,WI-6,Glenn Grothman,Y,Republican,?,RepGrothman,GrothmanforWI,RepGrothman,?
0905,WI-6,Sarah Lloyd,N,Democrat,lloydforwisconsin,n/a,lloyd4wi,n/a,http://www.lloydforwisconsin.com
0906,WI-6,Jeff Dahlke,N,Independent,JeffDahlke4Congress,n/a,dahlke4congress,n/a,http://www.jeffdahlkeforcongress.com
0907,WI-7,Sean Duffy,Y,Republican,duffyforcongress,RepSeanDuffy,Duffy4Congress,RepSeanDuffy,www.DuffyforCongress.com
0908,WI-7,Mary Hoeft,N,Democrat,'1776038002619597',n/a,?,n/a,http://www.maryhoeftforcongress.com
0909,WI-8,Mike Gallagher,N,Republican,mikeforwisconsin,n/a,MikeforWI,n/a,http://www.mikeforwisconsin.com
0910,WI-8,Tom Nelson,N,Democrat,nelsonforwisconsin,n/a,NelsonforWI,n/a,http://www.nelsonforwisconsin.com
0911,HI-1,Colleen Hanabusa,N,Democrat,hanabusaforhawaii,n/a,ColleenHanabusa,n/a,http://hanabusaforhawaii.com
0912,HI-1,Shirlene Ostrov,N,Republican,ShirleneDOstrov,n/a,ShirleneDOstrov,n/a,http://www.shirleneostrov.com
0913,HI-1,Alan Yim,N,Libertarian,Yim4Hawaii,n/a,?,n/a,http://www.libertarianpartyofhawaii.org/
0914,HI-1,Calvin Griffin,N,Independent,?,n/a,?,n/a,?
0915,HI-2,Tulsi Gabbard,Y,Democrat,VoteTulsi,RepTulsiGabbard,TulsiGabbard,TulsiPress,http://www.votetulsi.com
0916,HI-2,Angela Aulani Kaaihue,N,Republican,'251246301918155',n/a,?,n/a,http://www.hawaiigovernor2018.com
0917,HI-2,Richard Turner,N,Independent,?,n/a,?,n/a,?
0918,AK-1,Don Young,Y,Republican,AkforDonYoung,RepDonYoung,DonYoungAK,repdonyoung,?
0919,AK-1,Steve Lindbeck,N,Democrat,LindbeckForAlaska,n/a,SteveLindbeck,n/a,?
0920,AK-1,Jim McDermott,N,Libertarian,AlaskaFreedom49ers,n/a,IrishMcD13,n/a,?
0921,WY-1,Liz Cheney,N,Republican,CheneyLiz,n/a,Liz_Cheney,n/a,?
0922,WY-1,Ryan Greene,N,Democrat,greene4wy,n/a,?,?,http://ryangreene16.com/
